column_100,column_101,column_102,column_103,column_104,column_105,column_106,column_107,column_108,column_109,column_110,column_111,column_112,column_113,column_114,column_115,column_116,column_117,column_118,column_119,column_120,column_121,column_122,column_123,column_124,column_125,column_126,column_127,column_128,column_129,column_130,column_131,column_132,column_133,column_134,column_135,column_136,column_137,column_138,column_139,column_140,column_141,column_142,column_143,column_144,column_145,column_146,column_147,column_148,column_149,column_150,column_151,column_152,column_153,column_154,column_155,column_156,column_157,column_158,column_159,column_160,column_161,column_162,column_163,column_164,column_165,column_166,column_167,column_168,column_169,column_170,column_171,column_172,column_173,column_174,column_175,column_176,column_177,column_178,column_179,column_180,column_181,column_182,column_183,column_184,column_185,column_186,column_187,column_188,column_189,column_190,column_191,column_192,column_193,column_194,column_195,column_196,column_197,column_198,column_199,column_200,column_201,column_202,column_203,column_204,column_205,column_206,column_207,column_208,column_209,column_210,column_211,column_212,column_213,column_214,column_215,column_216,column_217,column_218,column_219,column_220,column_221,column_222,column_223,column_224,column_225,column_226,column_227,column_228,column_229,column_230,column_231,column_232,column_233,column_234,column_235,column_236,column_237,column_238,column_239,column_240,column_241,column_242,column_243,column_244,column_245,column_246,column_247,column_248,column_249,column_250,column_251,column_252,column_253,column_254,column_255,column_256,column_257,column_258,column_259,column_260,column_261,column_262,column_263,column_264,column_265,column_266,column_267,column_268,column_269,column_27,column_270,column_271,column_272,column_273,column_274,column_275,column_276,column_277,column_278,column_279,column_28,column_280,column_281,column_282,column_283,column_284,column_285,column_286,column_287,column_288,column_289,column_29,column_290,column_291,column_292,column_293,column_294,column_295,column_296,column_297,column_298,column_299,column_30,column_300,column_301,column_302,column_303,column_304,column_305,column_306,column_307,column_308,column_309,column_31,column_310,column_311,column_312,column_313,column_314,column_315,column_316,column_317,column_318,column_319,column_32,column_320,column_321,column_322,column_323,column_324,column_325,column_326,column_327,column_328,column_329,column_33,column_330,column_331,column_332,column_333,column_334,column_335,column_336,column_337,column_338,column_339,column_34,column_340,column_341,column_342,column_343,column_344,column_345,column_35,column_36,column_37,column_38,column_39,column_40,column_41,column_42,column_43,column_44,column_45,column_46,column_47,column_48,column_49,column_50,column_51,column_52,column_53,column_54,column_55,column_56,column_57,column_58,column_59,column_60,column_61,column_62,column_63,column_64,column_65,column_66,column_67,column_68,column_69,column_70,column_71,column_72,column_73,column_74,column_75,column_76,column_77,column_78,column_79,column_80,column_81,column_82,column_83,column_84,column_85,column_86,column_87,column_88,column_89,column_90,column_91,column_92,column_93,column_94,column_95,column_96,column_97,column_98,column_99,externalLoginRequired,installationId,projectFileVersionId,projectfileId,projectfileVersionOriginalServer,projectfileversionAmazonS3DateUploaded,projectfileversionAmazonS3Path,projectfileversionAmazonS3Status,projectfileversionDateDeleted,projectfileversionDateLastUpdated,projectfileversionDeletedByUserId,projectfileversionDisplayDescription,projectfileversionDisplayName,projectfileversionExternalFileData,projectfileversionFile,projectfileversionFileSize,projectfileversionFileType,projectfileversionHash,projectfileversionOneDriveCanEdit,projectfileversionOriginalFile,projectfileversionStatus,projectfileversionThumbnailStatus,projectfileversionUploadDateTime,projectfileversionUploadedToServer,projectfileversionno,userId
2023-05-30 20:25:01,0,directS3,0,''),(7462268,383455,6995644,1,581205,2023-05-30 20:25:01,banner_typog_02.png,banner_typog_02.png,,1006618,active,moved and local deleted,2023-05-30 20:25:01,383455/projectFile/p423259.tf_4F58D424-03E7-F073-C12585727B1667CA.banner_typog_02.png,,,s3,normal,,created,,2023-05-30 20:25:01,0,directS3,0,''),(7464061,383455,6997366,1,581205,2023-05-31 15:31:05,banner_typog_03.png,banner_typog_03.png,,1108791,active,moved and local deleted,2023-05-31 15:31:05,383455/projectFile/p423259.tf_7840B124-FBCD-F19A-0222903ED3EFEC41.banner_typog_03.png,,,s3,normal,,created,,2023-05-31 15:31:05,0,directS3,0,''),(7464062,383455,6997367,1,581205,2023-05-31 15:31:05,banner_typog_04.png,banner_typog_04.png,,1209210,active,moved and local deleted,2023-05-31 15:31:05,383455/projectFile/p423259.tf_7840B3E6-E51B-AB6D-20AEFD0629DB2FD6.banner_typog_04.png,,,s3,normal,,created,,2023-05-31 15:31:05,0,directS3,0,''),(7465371,383455,6998545,1,581205,2023-06-01 02:11:14,banner_typog_05.png,banner_typog_05.png,,1107973,active,moved and local deleted,2023-06-01 02:11:14,383455/projectFile/p423259.tf_8F38DCF2-EE1C-97DF-7048D819D4ED9924.banner_typog_05.png,,,s3,normal,,created,,2023-06-01 02:11:14,0,directS3,0,''),(7465372,383455,6998546,1,581205,2023-06-01 02:11:14,banner_typog_06.png,banner_typog_06.png,,1206702,active,moved and local deleted,2023-06-01 02:11:14,383455/projectFile/p423259.tf_8F38E16F-ABDC-58B8-632045E2C05DA969.banner_typog_06.png,,,s3,normal,,created,,2023-06-01 02:11:14,0,directS3,0,''),(8362991,383455,7856182,1,581205,2025-02-18 04:46:44,Screenshot 2025-02-17 at 11.45.57 PM.png,Screenshot 2025-02-17 at 11.45.57 PM.png,,68140,active,moved and local deleted,2025-02-18 04:46:44,383455/projectFile/p628777.tf_E9CC794C-93AF-248D-5C72A01583620514.Screenshot_2025-02-17_at_11.45.57_PM.png,,,s3,normal,,pending,,2025-02-18 04:46:44,0,directS3,0,''),(8362992,383455,7856183,1,581205,2025-02-18 04:47:15,Screenshot 2025-02-17 at 11.46.06 PM.png,Screenshot 2025-02-17 at 11.46.06 PM.png,,(7462265,77802,active,moved and local deleted,2025-02-18 04:47:15,383455/projectFile/p628777.tf_E9D12E50-FFA0-9340-310EE78E56AF61D8.Screenshot_2025-02-17_at_11.46.06_PM.png,,,s3,normal,,383455,pending,,2025-02-18 04:47:15,0,directS3,0,''),(8377525,383455,7869655,6995641,1,581205,2025-02-27 02:03:51,Screenshot 2025-02-26 at 5.35.26 PM.png,Screenshot 2025-02-26 at 5.35.26 PM.png,,79414,active,moved and local deleted,2025-02-27 02:03:51,1,383455/projectFile/p628777.tf_9b02f056-fa0f-48da-872d-612095b556f9.png.Screenshot_2025-02-26_at_5.35.26_PM.png,,,s3,normal,,created,,2025-02-27 02:03:51,0,581205,directS3,0,''),(8389512,383455,7881143,1,581205,2025-03-08 19:18:02,Screenshot 2025-03-08 at 2.15.43 PM.png,2023-05-30 20:25:01,Screenshot 2025-03-08 at 2.15.43 PM.png,,54034,active,moved and local deleted,2025-03-08 19:18:02,383455/projectFile/p628777.tf_87792565-8962-4d9f-84fe-00a975c5325e.png.Screenshot_2025-03-08_at_2.15.43_PM.png,,,s3,banner_pic_01.png,normal,,created,,2025-03-08 19:18:02,0,directS3,0,''),(7540947,banner_pic_01.png,383455,7071096,1,586965,2023-07-18 19:55:13,'Captura de pantalla 2023-07-18 a la(s,,1447033,active,moved and local deleted,2023-05-30 20:25:01,383455/projectFile/p423259.tf_4F58CB26-001A-3C85-0CBB66FB1E8032F1.banner_pic_01.png,,,s3,normal,,created,,2023-05-30 20:25:01,0,directS3,0,''),(7462266,383455,6995642,1,581205,2023-05-30 20:25:01,banner_pic_02.png,banner_pic_02.png,,1543126,active,moved and local deleted,2023-05-30 20:25:01,383455/projectFile/p423259.tf_4F58CDCB-B79B-7743-ACFA4F962DB36D95.banner_pic_02.png,,,s3,normal,,created,,2023-05-30 20:25:01,0,directS3,0,''),(7462267,383455,6995643,1,581205,2023-05-30 20:25:01,banner_typog_01.png,banner_typog_01.png,,1107918,active,moved and local deleted,2023-05-30 20:25:01,383455/projectFile/p423259.tf_4F58D0BA-0E62-21F2-F2EDF94B7BB69814.banner_typog_01.png,,,s3,normal,,created,,0,383455,7425744,6960936,directS3,2023-05-09 00:43:56,383455/projectFile/p423259.tf_EBA51E5D-D547-B597-57BF1D4E14927E43.cultureflipper_03.png,moved and local deleted,,2023-05-09 00:43:56,,''),,,cultureflipper_03.png,1117908,normal,,0,cultureflipper_03.png,active,created,2023-05-09 00:43:56,s3,1,581205
,,,,,,,,,,,,,,,,,,,,,,,,,,,,,,,,,,,,,,,,,,,,,,,,,,,,,,,,,,,,,,,,,,,,,,,,,,,,,,,,,,,,,,,,,,,,,,,,,,,,,,,,,,,,,,,,,,,,,,,,,,,,,,,,,,,,,,,,,,,,,,,,,,,,,,,,,,,,,,,,,,,,,,,,,,,,,,,,,,,,,,,,,,,,,,,,,,,,,,,,,,,,,,,,,,,,,,,,,,,,,,,,,,,,,,,,,,,,,,,,,,,,,,,,,,,,,,,,,,,,,,,,,,,,,,,,,,,,,,,,,,,,,,,,,,,,,,,,,,,,,,,,,,,,,,,,,,,,,,,,,"16.55.08.png','Captura de pantalla 2023-07-18 a la(s",,,,,,,,,,,,,,,,,,,,,,,
,,,,,,,,,,,,,,,,,,,,,,,,,,,,,,,,,,,,,,,,,,,,,,,,,,,,,,,,,,,,,,,,,,,,,,,,,,,,,,,,,,,,,,,,,,,,,,,,,,,,,,,,,,,,,,,,,,,,,,,,,,,,,,,,,,,,,,,,,,,,,,,,,,,,,,,,,,,,,,,,,,,,,,,,,,,,,,,,,,,,,,,,,,,,,,,,,,,,,,,,,,,,,,,,,,,,,,,,,,,,,,,,,,,,,,,,,,,,,,,,,,,,,,,,,,,,,,,,,,,,,,,,,,,,,,,,,,,,,,,,,,,,,,,,,,,,,,,,,,,,,,,,,,,,,,,,,,,,,,,,,"16.55.08.png','',18057,'active','moved and local deleted','2023-07-18 19:55:13','383455/projectFile/p532604.tf_29B5CF51-FAC3-C258-A3D6E9EC4654AD2C.Captura_de_pantalla_2023-07-18_a_la_s_16.55.08.png',NULL,NULL,'s3','normal',NULL,'pending',NULL,'2023-07-18 19:55:13',0,'directS3',0,''),(7588909,383455,7116919,1,586965,'2023-08-18 19:39:39','Captura de pantalla 2023-08-18 a la(s",,,,,,,,,,,,,,,,,,,,,,,
,,,,,,,,,,,,,,,,,,,,,,,,,,,,,,,,,,,,,,,,,,,,,,,,,,,,,,,,,,,,,,,,,,,,,,,,,,,,,,,,,,,,,,,,,,,,,,,,,,,,,,,,,,,,,,,,,,,,,,,,,,,,,,,,,,,,,,,,,,,,,,,,,,,,,,,,,,,,,,,,,,,,,,,,,,,,,,,,,,,,,,,,,,,,,,,,,,,,,,,,,,,,,,,,,,,,,,,,,,,,,,,,,,,,,,,,,,,,,,,,,,,,,,,,,,,,,,,,,,,,,,,,,,,,,,,,,,,,,,,,,,,,,,,,,,,,,,,,,,,,,,,,,,,,,,,,,,,,,,,,,"16.39.34.png','Captura de pantalla 2023-08-18 a la(s",,,,,,,,,,,,,,,,,,,,,,,
,,,,,,,,,,,,,,,,,,,,,,,,,,,,,,,,,,,,,,,,,,,,,,,,,,,,,,,,,,,,,,,,,,,,,,,,,,,,,,,,,,,,,,,,,,,,,,,,,,,,,,,,,,,,,,,,,,,,,,,,,,,,,,,,,,,,,,,,,,,,,,,,,,,,,,,,,,,,,,,,,,,,,,,,,,,,,,,,,,,,,,,,,,,,,,,,,,,,,,,,,,,,,,,,,,,,,,,,,,,,,,,,,,,,,,,,,,,,,,,,,,,,,,,,,,,,,,,,,,,,,,,,,,,,,,,,,,,,,,,,,,,,,,,,,,,,,,,,,,,,,,,,,,,,,,,,,,,,,,,,,"16.39.34.png','',177903,'active','moved and local deleted','2023-08-18 19:39:39','383455/projectFile/p532604.tf_659AB947-AFFB-1970-3D4CC18EC146532E.Captura_de_pantalla_2023-08-18_a_la_s_16.39.34.png',NULL,NULL,'s3','normal',NULL,'pending',NULL,'2023-08-18 19:39:39',0,'directS3',0,''),(7599857,383455,7127372,1,586965,'2023-08-25 20:41:27','Captura de pantalla 2023-08-25 a la(s",,,,,,,,,,,,,,,,,,,,,,,
,,,,,,,,,,,,,,,,,,,,,,,,,,,,,,,,,,,,,,,,,,,,,,,,,,,,,,,,,,,,,,,,,,,,,,,,,,,,,,,,,,,,,,,,,,,,,,,,,,,,,,,,,,,,,,,,,,,,,,,,,,,,,,,,,,,,,,,,,,,,,,,,,,,,,,,,,,,,,,,,,,,,,,,,,,,,,,,,,,,,,,,,,,,,,,,,,,,,,,,,,,,,,,,,,,,,,,,,,,,,,,,,,,,,,,,,,,,,,,,,,,,,,,,,,,,,,,,,,,,,,,,,,,,,,,,,,,,,,,,,,,,,,,,,,,,,,,,,,,,,,,,,,,,,,,,,,,,,,,,,,"17.41.22.png','Captura de pantalla 2023-08-25 a la(s",,,,,,,,,,,,,,,,,,,,,,,
,,,,,,,,,,,,,,,,,,,,,,,,,,,,,,,,,,,,,,,,,,,,,,,,,,,,,,,,,,,,,,,,,,,,,,,,,,,,,,,,,,,,,,,,,,,,,,,,,,,,,,,,,,,,,,,,,,,,,,,,,,,,,,,,,,,,,,,,,,,,,,,,,,,,,,,,,,,,,,,,,,,,,,,,,,,,,,,,,,,,,,,,,,,,,,,,,,,,,,,,,,,,,,,,,,,,,,,,,,,,,,,,,,,,,,,,,,,,,,,,,,,,,,,,,,,,,,,,,,,,,,,,,,,,,,,,,,,,,,,,,,,,,,,,,,,,,,,,,,,,,,,,,,,,,,,,,,,,,,,,,"17.41.22.png','',11362,'active','moved and local deleted','2023-08-25 20:41:27','383455/projectFile/p532604.tf_D04DA6D6-0949-C605-C6F43152C43BFF06.Captura_de_pantalla_2023-08-25_a_la_s_17.41.22.png',NULL,NULL,'s3','normal',NULL,'pending',NULL,'2023-08-25 20:41:27',0,'directS3',0,''),(7633916,383455,7159646,1,586965,'2023-09-18 20:31:07','Captura de pantalla 2023-09-18 a la(s",,,,,,,,,,,,,,,,,,,,,,,
,,,,,,,,,,,,,,,,,,,,,,,,,,,,,,,,,,,,,,,,,,,,,,,,,,,,,,,,,,,,,,,,,,,,,,,,,,,,,,,,,,,,,,,,,,,,,,,,,,,,,,,,,,,,,,,,,,,,,,,,,,,,,,,,,,,,,,,,,,,,,,,,,,,,,,,,,,,,,,,,,,,,,,,,,,,,,,,,,,,,,,,,,,,,,,,,,,,,,,,,,,,,,,,,,,,,,,,,,,,,,,,,,,,,,,,,,,,,,,,,,,,,,,,,,,,,,,,,,,,,,,,,,,,,,,,,,,,,,,,,,,,,,,,,,,,,,,,,,,,,,,,,,,,,,,,,,,,,,,,,,"17.30.59.png','Captura de pantalla 2023-09-18 a la(s",,,,,,,,,,,,,,,,,,,,,,,
,,,,,,,,,,,,,,,,,,,,,,,,,,,,,,,,,,,,,,,,,,,,,,,,,,,,,,,,,,,,,,,,,,,,,,,,,,,,,,,,,,,,,,,,,,,,,,,,,,,,,,,,,,,,,,,,,,,,,,,,,,,,,,,,,,,,,,,,,,,,,,,,,,,,,,,,,,,,,,,,,,,,,,,,,,,,,,,,,,,,,,,,,,,,,,,,,,,,,,,,,,,,,,,,,,,,,,,,,,,,,,,,,,,,,,,,,,,,,,,,,,,,,,,,,,,,,,,,,,,,,,,,,,,,,,,,,,,,,,,,,,,,,,,,,,,,,,,,,,,,,,,,,,,,,,,,,,,,,,,,,"17.30.59.png','',144920,'active','moved and local deleted','2023-09-18 20:31:07','383455/projectFile/p532604.tf_A3E537D9-EC61-2691-5126D812CD5C69A5.Captura_de_pantalla_2023-09-18_a_la_s_17.30.59.png',NULL,NULL,'s3','normal',NULL,'pending',NULL,'2023-09-18 20:31:07',0,'directS3',0,''),(7729386,383455,7250564,1,586965,'2023-11-15 17:11:10','Captura de pantalla 2023-11-15 a la(s",,,,,,,,,,,,,,,,,,,,,,,
,,,,,,,,,,,,,,,,,,,,,,,,,,,,,,,,,,,,,,,,,,,,,,,,,,,,,,,,,,,,,,,,,,,,,,,,,,,,,,,,,,,,,,,,,,,,,,,,,,,,,,,,,,,,,,,,,,,,,,,,,,,,,,,,,,,,,,,,,,,,,,,,,,,,,,,,,,,,,,,,,,,,,,,,,,,,,,,,,,,,,,,,,,,,,,,,,,,,,,,,,,,,,,,,,,,,,,,,,,,,,,,,,,,,,,,,,,,,,,,,,,,,,,,,,,,,,,,,,,,,,,,,,,,,,,,,,,,,,,,,,,,,,,,,,,,,,,,,,,,,,,,,,,,,,,,,,,,,,,,,,"14.11.04.png','Captura de pantalla 2023-11-15 a la(s",,,,,,,,,,,,,,,,,,,,,,,
,,,,,,,,,,,,,,,,,,,,,,,,,,,,,,,,,,,,,,,,,,,,,,,,,,,,,,,,,,,,,,,,,,,,,,,,,,,,,,,,,,,,,,,,,,,,,,,,,,,,,,,,,,,,,,,,,,,,,,,,,,,,,,,,,,,,,,,,,,,,,,,,,,,,,,,,,,,,,,,,,,,,,,,,,,,,,,,,,,,,,,,,,,,,,,,,,,,,,,,,,,,,,,,,,,,,,,,,,,,,,,,,,,,,,,,,,,,,,,,,,,,,,,,,,,,,,,,,,,,,,,,,,,,,,,,,,,,,,,,,,,,,,,,,,,,,,,,,,,,,,,,,,,,,,,,,,,,,,,,,,"14.11.04.png','',248667,'active','moved and local deleted','2023-11-15 17:11:10','383455/projectFile/p532604.tf_47A71141-D493-A0F7-0A03A86BDCD65512.Captura_de_pantalla_2023-11-15_a_la_s_14.11.04.png',NULL,NULL,'s3','normal',NULL,'pending',NULL,'2023-11-15 17:11:10',0,'directS3',0,''),(7729401,383455,7250579,1,586965,'2023-11-15 17:13:06','Captura de pantalla 2023-11-15 a la(s",,,,,,,,,,,,,,,,,,,,,,,
,,,,,,,,,,,,,,,,,,,,,,,,,,,,,,,,,,,,,,,,,,,,,,,,,,,,,,,,,,,,,,,,,,,,,,,,,,,,,,,,,,,,,,,,,,,,,,,,,,,,,,,,,,,,,,,,,,,,,,,,,,,,,,,,,,,,,,,,,,,,,,,,,,,,,,,,,,,,,,,,,,,,,,,,,,,,,,,,,,,,,,,,,,,,,,,,,,,,,,,,,,,,,,,,,,,,,,,,,,,,,,,,,,,,,,,,,,,,,,,,,,,,,,,,,,,,,,,,,,,,,,,,,,,,,,,,,,,,,,,,,,,,,,,,,,,,,,,,,,,,,,,,,,,,,,,,,,,,,,,,,"14.12.58.png','Captura de pantalla 2023-11-15 a la(s",,,,,,,,,,,,,,,,,,,,,,,
,,,,,,,,,,,,,,,,,,,,,,,,,,,,,,,,,,,,,,,,,,,,,,,,,,,,,,,,,,,,,,,,,,,,,,,,,,,,,,,,,,,,,,,,,,,,,,,,,,,,,,,,,,,,,,,,,,,,,,,,,,,,,,,,,,,,,,,,,,,,,,,,,,,,,,,,,,,,,,,,,,,,,,,,,,,,,,,,,,,,,,,,,,,,,,,,,,,,,,,,,,,,,,,,,,,,,,,,,,,,,,,,,,,,,,,,,,,,,,,,,,,,,,,,,,,,,,,,,,,,,,,,,,,,,,,,,,,,,,,,,,,,,,,,,,,,,,,,,,,,,,,,,,,,,,,,,,,,,,,,,"14.12.58.png','',84850,'active','moved and local deleted','2023-11-15 17:13:06','383455/projectFile/p532604.tf_47B8E5F8-D296-A3F9-5D605EB77F498BB9.Captura_de_pantalla_2023-11-15_a_la_s_14.12.58.png',NULL,NULL,'s3','normal',NULL,'pending',NULL,'2023-11-15 17:13:06',0,'directS3',0,''),(7729403,383455,7250581,1,586965,'2023-11-15 17:13:27','Captura de pantalla 2023-11-15 a la(s",,,,,,,,,,,,,,,,,,,,,,,
,,,,,,,,,,,,,,,,,,,,,,,,,,,,,,,,,,,,,,,,,,,,,,,,,,,,,,,,,,,,,,,,,,,,,,,,,,,,,,,,,,,,,,,,,,,,,,,,,,,,,,,,,,,,,,,,,,,,,,,,,,,,,,,,,,,,,,,,,,,,,,,,,,,,,,,,,,,,,,,,,,,,,,,,,,,,,,,,,,,,,,,,,,,,,,,,,,,,,,,,,,,,,,,,,,,,,,,,,,,,,,,,,,,,,,,,,,,,,,,,,,,,,,,,,,,,,,,,,,,,,,,,,,,,,,,,,,,,,,,,,,,,,,,,,,,,,,,,,,,,,,,,,,,,,,,,,,,,,,,,,"14.13.21.png','Captura de pantalla 2023-11-15 a la(s",,,,,,,,,,,,,,,,,,,,,,,
,,,,,,,,,,,,,,,,,,,,,,,,,,,,,,,,,,,,,,,,,,,,,,,,,,,,,,,,,,,,,,,,,,,,,,,,,,,,,,,,,,,,,,,,,,,,,,,,,,,,,,,,,,,,,,,,,,,,,,,,,,,,,,,,,,,,,,,,,,,,,,,,,,,,,,,,,,,,,,,,,,,,,,,,,,,,,,,,,,,,,,,,,,,,,,,,,,,,,,,,,,,,,,,,,,,,,,,,,,,,,,,,,,,,,,,,,,,,,,,,,,,,,,,,,,,,,,,,,,,,,,,,,,,,,,,,,,,,,,,,,,,,,,,,,,,,,,,,,,,,,,,,,,,,,,,,,,,,,,,,,"14.13.21.png','',93725,'active','moved and local deleted','2023-11-15 17:13:27','383455/projectFile/p532604.tf_47BBFD9F-B7F5-53D2-5A9BE47A97732F81.Captura_de_pantalla_2023-11-15_a_la_s_14.13.21.png',NULL,NULL,'s3','normal',NULL,'pending',NULL,'2023-11-15 17:13:27',0,'directS3',0,''),(7729480,383455,7250658,1,586965,'2023-11-15 17:54:39','Captura de pantalla 2023-11-15 a la(s",,,,,,,,,,,,,,,,,,,,,,,
,,,,,,,,,,,,,,,,,,,,,,,,,,,,,,,,,,,,,,,,,,,,,,,,,,,,,,,,,,,,,,,,,,,,,,,,,,,,,,,,,,,,,,,,,,,,,,,,,,,,,,,,,,,,,,,,,,,,,,,,,,,,,,,,,,,,,,,,,,,,,,,,,,,,,,,,,,,,,,,,,,,,,,,,,,,,,,,,,,,,,,,,,,,,,,,,,,,,,,,,,,,,,,,,,,,,,,,,,,,,,,,,,,,,,,,,,,,,,,,,,,,,,,,,,,,,,,,,,,,,,,,,,,,,,,,,,,,,,,,,,,,,,,,,,,,,,,,,,,,,,,,,,,,,,,,,,,,,,,,,,"14.54.33.png','Captura de pantalla 2023-11-15 a la(s",,,,,,,,,,,,,,,,,,,,,,,
,,,,,,,,,,,,,,,,,,,,,,,,,,,,,,,,,,,,,,,,,,,,,,,,,,,,,,,,,,,,,,,,,,,,,,,,,,,,,,,,,,,,,,,,,,,,,,,,,,,,,,,,,,,,,,,,,,,,,,,,,,,,,,,,,,,,,,,,,,,,,,,,,,,,,,,,,,,,,,,,,,,,,,,,,,,,,,,,,,,,,,,,,,,,,,,,,,,,,,,,,,,,,,,,,,,,,,,,,,,,,,,,,,,,,,,,,,,,,,,,,,,,,,,,,,,,,,,,,,,,,,,,,,,,,,,,,,,,,,,,,,,,,,,,,,,,,,,,,,,,,,,,,,,,,,,,,,,,,,,,,"14.54.33.png','',96177,'active','moved and local deleted','2023-11-15 17:54:39','383455/projectFile/p532604.tf_493553B4-E50B-827C-B7C521729963C904.Captura_de_pantalla_2023-11-15_a_la_s_14.54.33.png',NULL,NULL,'s3','normal',NULL,'pending',NULL,'2023-11-15 17:54:39',0,'directS3',0,''),(7761039,383455,7280730,1,586965,'2023-12-07 19:02:02','Captura de pantalla 2023-12-07 a la(s",,,,,,,,,,,,,,,,,,,,,,,
,,,,,,,,,,,,,,,,,,,,,,,,,,,,,,,,,,,,,,,,,,,,,,,,,,,,,,,,,,,,,,,,,,,,,,,,,,,,,,,,,,,,,,,,,,,,,,,,,,,,,,,,,,,,,,,,,,,,,,,,,,,,,,,,,,,,,,,,,,,,,,,,,,,,,,,,,,,,,,,,,,,,,,,,,,,,,,,,,,,,,,,,,,,,,,,,,,,,,,,,,,,,,,,,,,,,,,,,,,,,,,,,,,,,,,,,,,,,,,,,,,,,,,,,,,,,,,,,,,,,,,,,,,,,,,,,,,,,,,,,,,,,,,,,,,,,,,,,,,,,,,,,,,,,,,,,,,,,,,,,,"16.01.56.png','Captura de pantalla 2023-12-07 a la(s",,,,,,,,,,,,,,,,,,,,,,,
,,,,,,,,,,,,,,,,,,,,,,,,,,,,,,,,,,,,,,,,,,,,,,,,,,,,,,,,,,,,,,,,,,,,,,,,,,,,,,,,,,,,,,,,,,,,,,,,,,,,,,,,,,,,,,,,,,,,,,,,,,,,,,,,,,,,,,,,,,,,,,,,,,,,,,,,,,,,,,,,,,,,,,,,,,,,,,,,,,,,,,,,,,,,,,,,,,,,,,,,,,,,,,,,,,,,,,,,,,,,,,,,,,,,,,,,,,,,,,,,,,,,,,,,,,,,,,,,,,,,,,,,,,,,,,,,,,,,,,,,,,,,,,,,,,,,,,,,,,,,,,,,,,,,,,,,,,,,,,,,,"16.01.56.png','',35221,'active','moved and local deleted','2023-12-07 19:02:02','383455/projectFile/p532604.tf_B8954D52-EA14-AEC1-525A239629CB5A48.Captura_de_pantalla_2023-12-07_a_la_s_16.01.56.png',NULL,NULL,'s3','normal',NULL,'pending',NULL,'2023-12-07 19:02:02',0,'directS3',0,''),(7761228,383455,7280907,1,586965,'2023-12-07 20:06:39','Captura de pantalla 2023-12-07 a la(s",,,,,,,,,,,,,,,,,,,,,,,
,,,,,,,,,,,,,,,,,,,,,,,,,,,,,,,,,,,,,,,,,,,,,,,,,,,,,,,,,,,,,,,,,,,,,,,,,,,,,,,,,,,,,,,,,,,,,,,,,,,,,,,,,,,,,,,,,,,,,,,,,,,,,,,,,,,,,,,,,,,,,,,,,,,,,,,,,,,,,,,,,,,,,,,,,,,,,,,,,,,,,,,,,,,,,,,,,,,,,,,,,,,,,,,,,,,,,,,,,,,,,,,,,,,,,,,,,,,,,,,,,,,,,,,,,,,,,,,,,,,,,,,,,,,,,,,,,,,,,,,,,,,,,,,,,,,,,,,,,,,,,,,,,,,,,,,,,,,,,,,,,"17.06.28.png','Captura de pantalla 2023-12-07 a la(s",,,,,,,,,,,,,,,,,,,,,,,
,,,,,,,,,,,,,,,,,,,,,,,,,,,,,,,,,,,,,,,,,,,,,,,,,,,,,,,,,,,,,,,,,,,,,,,,,,,,,,,,,,,,,,,,,,,,,,,,,,,,,,,,,,,,,,,,,,,,,,,,,,,,,,,,,,,,,,,,,,,,,,,,,,,,,,,,,,,,,,,,,,,,,,,,,,,,,,,,,,,,,,,,,,,,,,,,,,,,,,,,,,,,,,,,,,,,,,,,,,,,,,,,,,,,,,,,,,,,,,,,,,,,,,,,,,,,,,,,,,,,,,,,,,,,,,,,,,,,,,,,,,,,,,,,,,,,,,,,,,,,,,,,,,,,,,,,,,,,,,,,,"17.06.28.png','',92675,'active','moved and local deleted','2023-12-07 20:06:39','383455/projectFile/p532604.tf_BAE4BB87-D82F-AD11-D38C46C0AC58A71E.Captura_de_pantalla_2023-12-07_a_la_s_17.06.28.png',NULL,NULL,'s3','normal',NULL,'pending',NULL,'2023-12-07 20:06:39',0,'directS3',0,''),(7779145,383455,7298195,1,586965,'2023-12-20 18:11:53','Captura de pantalla 2023-12-20 a la(s",,,,,,,,,,,,,,,,,,,,,,,
,,,,,,,,,,,,,,,,,,,,,,,,,,,,,,,,,,,,,,,,,,,,,,,,,,,,,,,,,,,,,,,,,,,,,,,,,,,,,,,,,,,,,,,,,,,,,,,,,,,,,,,,,,,,,,,,,,,,,,,,,,,,,,,,,,,,,,,,,,,,,,,,,,,,,,,,,,,,,,,,,,,,,,,,,,,,,,,,,,,,,,,,,,,,,,,,,,,,,,,,,,,,,,,,,,,,,,,,,,,,,,,,,,,,,,,,,,,,,,,,,,,,,,,,,,,,,,,,,,,,,,,,,,,,,,,,,,,,,,,,,,,,,,,,,,,,,,,,,,,,,,,,,,,,,,,,,,,,,,,,,"15.11.47.png','Captura de pantalla 2023-12-20 a la(s",,,,,,,,,,,,,,,,,,,,,,,
,,,,,,,,,,,,,,,,,,,,,,,,,,,,,,,,,,,,,,,,,,,,,,,,,,,,,,,,,,,,,,,,,,,,,,,,,,,,,,,,,,,,,,,,,,,,,,,,,,,,,,,,,,,,,,,,,,,,,,,,,,,,,,,,,,,,,,,,,,,,,,,,,,,,,,,,,,,,,,,,,,,,,,,,,,,,,,,,,,,,,,,,,,,,,,,,,,,,,,,,,,,,,,,,,,,,,,,,,,,,,,,,,,,,,,,,,,,,,,,,,,,,,,,,,,,,,,,,,,,,,,,,,,,,,,,,,,,,,,,,,,,,,,,,,,,,,,,,,,,,,,,,,,,,,,,,,,,,,,,,,"15.11.47.png','',92304,'active','moved and local deleted','2023-12-20 18:11:53','383455/projectFile/p532604.tf_5444CE35-BB0C-6AAA-1CD831DE84C75ECE.Captura_de_pantalla_2023-12-20_a_la_s_15.11.47.png',NULL,NULL,'s3','normal',NULL,'pending',NULL,'2023-12-20 18:11:53',0,'directS3',0,''),(7821258,383455,7338559,1,586965,'2024-01-23 03:31:54','Captura de pantalla 2024-01-22 a la(s",,,,,,,,,,,,,,,,,,,,,,,
,,,,,,,,,,,,,,,,,,,,,,,,,,,,,,,,,,,,,,,,,,,,,,,,,,,,,,,,,,,,,,,,,,,,,,,,,,,,,,,,,,,,,,,,,,,,,,,,,,,,,,,,,,,,,,,,,,,,,,,,,,,,,,,,,,,,,,,,,,,,,,,,,,,,,,,,,,,,,,,,,,,,,,,,,,,,,,,,,,,,,,,,,,,,,,,,,,,,,,,,,,,,,,,,,,,,,,,,,,,,,,,,,,,,,,,,,,,,,,,,,,,,,,,,,,,,,,,,,,,,,,,,,,,,,,,,,,,,,,,,,,,,,,,,,,,,,,,,,,,,,,,,,,,,,,,,,,,,,,,,,"22.31.47.png','Captura de pantalla 2024-01-22 a la(s",,,,,,,,,,,,,,,,,,,,,,,
,,,,,,,,,,,,,,,,,,,,,,,,,,,,,,,,,,,,,,,,,,,,,,,,,,,,,,,,,,,,,,,,,,,,,,,,,,,,,,,,,,,,,,,,,,,,,,,,,,,,,,,,,,,,,,,,,,,,,,,,,,,,,,,,,,,,,,,,,,,,,,,,,,,,,,,,,,,,,,,,,,,,,,,,,,,,,,,,,,,,,,,,,,,,,,,,,,,,,,,,,,,,,,,,,,,,,,,,,,,,,,,,,,,,,,,,,,,,,,,,,,,,,,,,,,,,,,,,,,,,,,,,,,,,,,,,,,,,,,,,,,,,,,,,,,,,,,,,,,,,,,,,,,,,,,,,,,,,,,,,,"22.31.47.png','',243464,'active','moved and local deleted','2024-01-23 03:31:54','383455/projectFile/p532604.tf_0BBE62FB-9A10-6BBC-FA23E8C222FF0B7B.Captura_de_pantalla_2024-01-22_a_la_s_22.31.47.png',NULL,NULL,'s3','normal',NULL,'pending',NULL,'2024-01-23 03:31:54',0,'directS3',0,''),(7848005,383455,7363951,1,586965,'2024-02-08 18:29:08','Captura de pantalla 2024-02-08 a la(s",,,,,,,,,,,,,,,,,,,,,,,
,,,,,,,,,,,,,,,,,,,,,,,,,,,,,,,,,,,,,,,,,,,,,,,,,,,,,,,,,,,,,,,,,,,,,,,,,,,,,,,,,,,,,,,,,,,,,,,,,,,,,,,,,,,,,,,,,,,,,,,,,,,,,,,,,,,,,,,,,,,,,,,,,,,,,,,,,,,,,,,,,,,,,,,,,,,,,,,,,,,,,,,,,,,,,,,,,,,,,,,,,,,,,,,,,,,,,,,,,,,,,,,,,,,,,,,,,,,,,,,,,,,,,,,,,,,,,,,,,,,,,,,,,,,,,,,,,,,,,,,,,,,,,,,,,,,,,,,,,,,,,,,,,,,,,,,,,,,,,,,,,"15.29.03.png','Captura de pantalla 2024-02-08 a la(s",,,,,,,,,,,,,,,,,,,,,,,
,,,,,,,,,,,,,,,,,,,,,,,,,,,,,,,,,,,,,,,,,,,,,,,,,,,,,,,,,,,,,,,,,,,,,,,,,,,,,,,,,,,,,,,,,,,,,,,,,,,,,,,,,,,,,,,,,,,,,,,,,,,,,,,,,,,,,,,,,,,,,,,,,,,,,,,,,,,,,,,,,,,,,,,,,,,,,,,,,,,,,,,,,,,,,,,,,,,,,,,,,,,,,,,,,,,,,,,,,,,,,,,,,,,,,,,,,,,,,,,,,,,,,,,,,,,,,,,,,,,,,,,,,,,,,,,,,,,,,,,,,,,,,,,,,,,,,,,,,,,,,,,,,,,,,,,,,,,,,,,,,"15.29.03.png','',89129,'active','moved and local deleted','2024-02-08 18:29:08','383455/projectFile/p532604.tf_63CE7BE2-C3E9-DB6F-C80F6FB5694E4356.Captura_de_pantalla_2024-02-08_a_la_s_15.29.03.png',NULL,NULL,'s3','normal',NULL,'pending',NULL,'2024-02-08 18:29:08',0,'directS3',0,''),(7848009,383455,7363955,1,586965,'2024-02-08 18:31:14','Captura de pantalla 2024-02-08 a la(s",,,,,,,,,,,,,,,,,,,,,,,
,,,,,,,,,,,,,,,,,,,,,,,,,,,,,,,,,,,,,,,,,,,,,,,,,,,,,,,,,,,,,,,,,,,,,,,,,,,,,,,,,,,,,,,,,,,,,,,,,,,,,,,,,,,,,,,,,,,,,,,,,,,,,,,,,,,,,,,,,,,,,,,,,,,,,,,,,,,,,,,,,,,,,,,,,,,,,,,,,,,,,,,,,,,,,,,,,,,,,,,,,,,,,,,,,,,,,,,,,,,,,,,,,,,,,,,,,,,,,,,,,,,,,,,,,,,,,,,,,,,,,,,,,,,,,,,,,,,,,,,,,,,,,,,,,,,,,,,,,,,,,,,,,,,,,,,,,,,,,,,,,"15.31.09.png','Captura de pantalla 2024-02-08 a la(s",,,,,,,,,,,,,,,,,,,,,,,
,,,,,,,,,,,,,,,,,,,,,,,,,,,,,,,,,,,,,,,,,,,,,,,,,,,,,,,,,,,,,,,,,,,,,,,,,,,,,,,,,,,,,,,,,,,,,,,,,,,,,,,,,,,,,,,,,,,,,,,,,,,,,,,,,,,,,,,,,,,,,,,,,,,,,,,,,,,,,,,,,,,,,,,,,,,,,,,,,,,,,,,,,,,,,,,,,,,,,,,,,,,,,,,,,,,,,,,,,,,,,,,,,,,,,,,,,,,,,,,,,,,,,,,,,,,,,,,,,,,,,,,,,,,,,,,,,,,,,,,,,,,,,,,,,,,,,,,,,,,,,,,,,,,,,,,,,,,,,,,,,"15.31.09.png','',74919,'active','moved and local deleted','2024-02-08 18:31:14','383455/projectFile/p532604.tf_63E1BE30-CC00-A59A-4C2CACEFE0A458DC.Captura_de_pantalla_2024-02-08_a_la_s_15.31.09.png',NULL,NULL,'s3','normal',NULL,'pending',NULL,'2024-02-08 18:31:14',0,'directS3',0,''),(7910049,383455,7423294,1,586965,'2024-03-19 23:31:32','Captura de pantalla 2024-03-19 a la(s",,,,,,,,,,,,,,,,,,,,,,,
,,,,,,,,,,,,,,,,,,,,,,,,,,,,,,,,,,,,,,,,,,,,,,,,,,,,,,,,,,,,,,,,,,,,,,,,,,,,,,,,,,,,,,,,,,,,,,,,,,,,,,,,,,,,,,,,,,,,,,,,,,,,,,,,,,,,,,,,,,,,,,,,,,,,,,,,,,,,,,,,,,,,,,,,,,,,,,,,,,,,,,,,,,,,,,,,,,,,,,,,,,,,,,,,,,,,,,,,,,,,,,,,,,,,,,,,,,,,,,,,,,,,,,,,,,,,,,,,,,,,,,,,,,,,,,,,,,,,,,,,,,,,,,,,,,,,,,,,,,,,,,,,,,,,,,,,,,,,,,,,,"20.31.26.png','Captura de pantalla 2024-03-19 a la(s",,,,,,,,,,,,,,,,,,,,,,,
,,,,,,,,,,,,,,,,,,,,,,,,,,,,,,,,,,,,,,,,,,,,,,,,,,,,,,,,,,,,,,,,,,,,,,,,,,,,,,,,,,,,,,,,,,,,,,,,,,,,,,,,,,,,,,,,,,,,,,,,,,,,,,,,,,,,,,,,,,,,,,,,,,,,,,,,,,,,,,,,,,,,,,,,,,,,,,,,,,,,,,,,,,,,,,,,,,,,,,,,,,,,,,,,,,,,,,,,,,,,,,,,,,,,,,,,,,,,,,,,,,,,,,,,,,,,,,,,,,,,,,,,,,,,,,,,,,,,,,,,,,,,,,,,,,,,,,,,,,,,,,,,,,,,,,,,,,,,,,,,,"20.31.26.png','',62049,'active','moved and local deleted','2024-03-19 23:31:32','383455/projectFile/p532604.tf_7A8ED0DB-EDFB-011D-5E859DABB93BEA27.Captura_de_pantalla_2024-03-19_a_la_s_20.31.26.png',NULL,NULL,'s3','normal',NULL,'pending',NULL,'2024-03-19 23:31:32',0,'directS3',0,''),(7910053,383455,7423298,1,586965,'2024-03-19 23:39:04','Captura de pantalla 2024-03-19 a la(s",,,,,,,,,,,,,,,,,,,,,,,
,,,,,,,,,,,,,,,,,,,,,,,,,,,,,,,,,,,,,,,,,,,,,,,,,,,,,,,,,,,,,,,,,,,,,,,,,,,,,,,,,,,,,,,,,,,,,,,,,,,,,,,,,,,,,,,,,,,,,,,,,,,,,,,,,,,,,,,,,,,,,,,,,,,,,,,,,,,,,,,,,,,,,,,,,,,,,,,,,,,,,,,,,,,,,,,,,,,,,,,,,,,,,,,,,,,,,,,,,,,,,,,,,,,,,,,,,,,,,,,,,,,,,,,,,,,,,,,,,,,,,,,,,,,,,,,,,,,,,,,,,,,,,,,,,,,,,,,,,,,,,,,,,,,,,,,,,,,,,,,,,"20.38.58.png','Captura de pantalla 2024-03-19 a la(s",,,,,,,,,,,,,,,,,,,,,,,
,,,,,,,,,,,,,,,,,,,,,,,,,,,,,,,,,,,,,,,,,,,,,,,,,,,,,,,,,,,,,,,,,,,,,,,,,,,,,,,,,,,,,,,,,,,,,,,,,,,,,,,,,,,,,,,,,,,,,,,,,,,,,,,,,,,,,,,,,,,,,,,,,,,,,,,,,,,,,,,,,,,,,,,,,,,,,,,,,,,,,,,,,,,,,,,,,,,,,,,,,,,,,,,,,,,,,,,,,,,,,,,,,,,,,,,,,,,,,,,,,,,,,,,,,,,,,,,,,,,,,,,,,,,,,,,,,,,,,,,,,,,,,,,,,,,,,,,,,,,,,,,,,,,,,,,,,,,,,,,,,"20.38.58.png','',26951,'active','moved and local deleted','2024-03-19 23:39:04','383455/projectFile/p532604.tf_7AD3B4D2-DFB5-C7E9-7D00D90001044EED.Captura_de_pantalla_2024-03-19_a_la_s_20.38.58.png',NULL,NULL,'s3','normal',NULL,'pending',NULL,'2024-03-19 23:39:04',0,'directS3',0,''),(7910056,383455,7423301,1,586965,'2024-03-19 23:40:53','Captura de pantalla 2024-03-19 a la(s",,,,,,,,,,,,,,,,,,,,,,,
,,,,,,,,,,,,,,,,,,,,,,,,,,,,,,,,,,,,,,,,,,,,,,,,,,,,,,,,,,,,,,,,,,,,,,,,,,,,,,,,,,,,,,,,,,,,,,,,,,,,,,,,,,,,,,,,,,,,,,,,,,,,,,,,,,,,,,,,,,,,,,,,,,,,,,,,,,,,,,,,,,,,,,,,,,,,,,,,,,,,,,,,,,,,,,,,,,,,,,,,,,,,,,,,,,,,,,,,,,,,,,,,,,,,,,,,,,,,,,,,,,,,,,,,,,,,,,,,,,,,,,,,,,,,,,,,,,,,,,,,,,,,,,,,,,,,,,,,,,,,,,,,,,,,,,,,,,,,,,,,,"20.40.49.png','Captura de pantalla 2024-03-19 a la(s",,,,,,,,,,,,,,,,,,,,,,,
,,,,,,,,,,,,,,,,,,,,,,,,,,,,,,,,,,,,,,,,,,,,,,,,,,,,,,,,,,,,,,,,,,,,,,,,,,,,,,,,,,,,,,,,,,,,,,,,,,,,,,,,,,,,,,,,,,,,,,,,,,,,,,,,,,,,,,,,,,,,,,,,,,,,,,,,,,,,,,,,,,,,,,,,,,,,,,,,,,,,,,,,,,,,,,,,,,,,,,,,,,,,,,,,,,,,,,,,,,,,,,,,,,,,,,,,,,,,,,,,,,,,,,,,,,,,,,,,,,,,,,,,,,,,,,,,,,,,,,,,,,,,,,,,,,,,,,,,,,,,,,,,,,,,,,,,,,,,,,,,,"20.40.49.png','',49844,'active','moved and local deleted','2024-03-19 23:40:53','383455/projectFile/p532604.tf_7AE46DD6-0CDA-F446-4F18BFFB8E9A0688.Captura_de_pantalla_2024-03-19_a_la_s_20.40.49.png',NULL,NULL,'s3','normal',NULL,'pending',NULL,'2024-03-19 23:40:53',0,'directS3',0,''),(7931611,383455,7444072,1,586965,'2024-04-04 06:36:43','Captura de pantalla 2024-04-04 a la(s",,,,,,,,,,,,,,,,,,,,,,,
,,,,,,,,,,,,,,,,,,,,,,,,,,,,,,,,,,,,,,,,,,,,,,,,,,,,,,,,,,,,,,,,,,,,,,,,,,,,,,,,,,,,,,,,,,,,,,,,,,,,,,,,,,,,,,,,,,,,,,,,,,,,,,,,,,,,,,,,,,,,,,,,,,,,,,,,,,,,,,,,,,,,,,,,,,,,,,,,,,,,,,,,,,,,,,,,,,,,,,,,,,,,,,,,,,,,,,,,,,,,,,,,,,,,,,,,,,,,,,,,,,,,,,,,,,,,,,,,,,,,,,,,,,,,,,,,,,,,,,,,,,,,,,,,,,,,,,,,,,,,,,,,,,,,,,,,,,,,,,,,,"08.35.33.png','Captura de pantalla 2024-04-04 a la(s",,,,,,,,,,,,,,,,,,,,,,,
,,,,,,,,,,,,,,,,,,,,,,,,,,,,,,,,,,,,,,,,,,,,,,,,,,,,,,,,,,,,,,,,,,,,,,,,,,,,,,,,,,,,,,,,,,,,,,,,,,,,,,,,,,,,,,,,,,,,,,,,,,,,,,,,,,,,,,,,,,,,,,,,,,,,,,,,,,,,,,,,,,,,,,,,,,,,,,,,,,,,,,,,,,,,,,,,,,,,,,,,,,,,,,,,,,,,,,,,,,,,,,,,,,,,,,,,,,,,,,,,,,,,,,,,,,,,,,,,,,,,,,,,,,,,,,,,,,,,,,,,,,,,,,,,,,,,,,,,,,,,,,,,,,,,,,,,,,,,,,,,,"08.35.33.png','',72600,'active','moved and local deleted','2024-04-04 06:36:43','383455/projectFile/p532604.tf_8E3D6A04-ADB2-BE30-138F18C4EE0F9607.Captura_de_pantalla_2024-04-04_a_la_s_08.35.33.png',NULL,NULL,'s3','normal',NULL,'pending',NULL,'2024-04-04 06:36:43',0,'directS3',0,''),(7931631,383455,7444092,1,586965,'2024-04-04 06:46:05','Captura de pantalla 2024-04-04 a la(s",,,,,,,,,,,,,,,,,,,,,,,
,,,,,,,,,,,,,,,,,,,,,,,,,,,,,,,,,,,,,,,,,,,,,,,,,,,,,,,,,,,,,,,,,,,,,,,,,,,,,,,,,,,,,,,,,,,,,,,,,,,,,,,,,,,,,,,,,,,,,,,,,,,,,,,,,,,,,,,,,,,,,,,,,,,,,,,,,,,,,,,,,,,,,,,,,,,,,,,,,,,,,,,,,,,,,,,,,,,,,,,,,,,,,,,,,,,,,,,,,,,,,,,,,,,,,,,,,,,,,,,,,,,,,,,,,,,,,,,,,,,,,,,,,,,,,,,,,,,,,,,,,,,,,,,,,,,,,,,,,,,,,,,,,,,,,,,,,,,,,,,,,"08.45.59.png','Captura de pantalla 2024-04-04 a la(s",,,,,,,,,,,,,,,,,,,,,,,
,,,,,,,,,,,,,,,,,,,,,,,,,,,,,,,,,,,,,,,,,,,,,,,,,,,,,,,,,,,,,,,,,,,,,,,,,,,,,,,,,,,,,,,,,,,,,,,,,,,,,,,,,,,,,,,,,,,,,,,,,,,,,,,,,,,,,,,,,,,,,,,,,,,,,,,,,,,,,,,,,,,,,,,,,,,,,,,,,,,,,,,,,,,,,,,,,,,,,,,,,,,,,,,,,,,,,,,,,,,,,,,,,,,,,,,,,,,,,,,,,,,,,,,,,,,,,,,,,,,,,,,,,,,,,,,,,,,,,,,,,,,,,,,,,,,,,,,,,,,,,,,,,,,,,,,,,,,,,,,,,"08.45.59.png','',63059,'active','moved and local deleted','2024-04-04 06:46:05','383455/projectFile/p532604.tf_8E9313FB-DACF-7C66-78FA9EEFF7169D2B.Captura_de_pantalla_2024-04-04_a_la_s_08.45.59.png',NULL,NULL,'s3','normal',NULL,'pending',NULL,'2024-04-04 06:46:05',0,'directS3',0,''),(7931652,383455,7444113,1,586965,'2024-04-04 07:10:55','Captura de pantalla 2024-04-04 a la(s",,,,,,,,,,,,,,,,,,,,,,,
,,,,,,,,,,,,,,,,,,,,,,,,,,,,,,,,,,,,,,,,,,,,,,,,,,,,,,,,,,,,,,,,,,,,,,,,,,,,,,,,,,,,,,,,,,,,,,,,,,,,,,,,,,,,,,,,,,,,,,,,,,,,,,,,,,,,,,,,,,,,,,,,,,,,,,,,,,,,,,,,,,,,,,,,,,,,,,,,,,,,,,,,,,,,,,,,,,,,,,,,,,,,,,,,,,,,,,,,,,,,,,,,,,,,,,,,,,,,,,,,,,,,,,,,,,,,,,,,,,,,,,,,,,,,,,,,,,,,,,,,,,,,,,,,,,,,,,,,,,,,,,,,,,,,,,,,,,,,,,,,,"09.10.49.png','Captura de pantalla 2024-04-04 a la(s",,,,,,,,,,,,,,,,,,,,,,,
,,,,,,,,,,,,,,,,,,,,,,,,,,,,,,,,,,,,,,,,,,,,,,,,,,,,,,,,,,,,,,,,,,,,,,,,,,,,,,,,,,,,,,,,,,,,,,,,,,,,,,,,,,,,,,,,,,,,,,,,,,,,,,,,,,,,,,,,,,,,,,,,,,,,,,,,,,,,,,,,,,,,,,,,,,,,,,,,,,,,,,,,,,,,,,,,,,,,,,,,,,,,,,,,,,,,,,,,,,,,,,,,,,,,,,,,,,,,,,,,,,,,,,,,,,,,,,,,,,,,,,,,,,,,,,,,,,,,,,,,,,,,,,,,,,,,,,,,,,,,,,,,,,,,,,,,,,,,,,,,,"09.10.49.png','',51706,'active','moved and local deleted','2024-04-04 07:10:55','383455/projectFile/p532604.tf_8F7671E8-E948-B01F-9D2440BAB7CD6E6F.Captura_de_pantalla_2024-04-04_a_la_s_09.10.49.png',NULL,NULL,'s3','normal',NULL,'pending',NULL,'2024-04-04 07:10:55',0,'directS3',0,''),(7960104,383455,7471121,1,586965,'2024-04-23 22:56:41','Captura de pantalla 2024-04-24 a la(s",,,,,,,,,,,,,,,,,,,,,,,
,,,,,,,,,,,,,,,,,,,,,,,,,,,,,,,,,,,,,,,,,,,,,,,,,,,,,,,,,,,,,,,,,,,,,,,,,,,,,,,,,,,,,,,,,,,,,,,,,,,,,,,,,,,,,,,,,,,,,,,,,,,,,,,,,,,,,,,,,,,,,,,,,,,,,,,,,,,,,,,,,,,,,,,,,,,,,,,,,,,,,,,,,,,,,,,,,,,,,,,,,,,,,,,,,,,,,,,,,,,,,,,,,,,,,,,,,,,,,,,,,,,,,,,,,,,,,,,,,,,,,,,,,,,,,,,,,,,,,,,,,,,,,,,,,,,,,,,,,,,,,,,,,,,,,,,,,,,,,,,,,"12.56.37 a. m..png','Captura de pantalla 2024-04-24 a la(s",,,,,,,,,,,,,,,,,,,,,,,
,,,,,,,,,,,,,,,,,,,,,,,,,,,,,,,,,,,,,,,,,,,,,,,,,,,,,,,,,,,,,,,,,,,,,,,,,,,,,,,,,,,,,,,,,,,,,,,,,,,,,,,,,,,,,,,,,,,,,,,,,,,,,,,,,,,,,,,,,,,,,,,,,,,,,,,,,,,,,,,,,,,,,,,,,,,,,,,,,,,,,,,,,,,,,,,,,,,,,,,,,,,,,,,,,,,,,,,,,,,,,,,,,,,,,,,,,,,,,,,,,,,,,,,,,,,,,,,,,,,,,,,,,,,,,,,,,,,,,,,,,,,,,,,,,,,,,,,,,,,,,,,,,,,,,,,,,,,,,,,,,"12.56.37 a. m..png','',561878,'active','moved and local deleted','2024-04-23 22:56:41','383455/projectFile/p532604.tf_83C17FA5-C76B-6EFF-6DD346A2FFEC128C.Captura_de_pantalla_2024-04-24_a_la_s_12.56.37_a._m..png',NULL,NULL,'s3','normal',NULL,'pending',NULL,'2024-04-23 22:56:41',0,'directS3',0,''),(7988790,383455,7498627,1,586965,'2024-05-14 20:08:14','Captura de pantalla 2024-05-14 a la(s",,,,,,,,,,,,,,,,,,,,,,,
,,,,,,,,,,,,,,,,,,,,,,,,,,,,,,,,,,,,,,,,,,,,,,,,,,,,,,,,,,,,,,,,,,,,,,,,,,,,,,,,,,,,,,,,,,,,,,,,,,,,,,,,,,,,,,,,,,,,,,,,,,,,,,,,,,,,,,,,,,,,,,,,,,,,,,,,,,,,,,,,,,,,,,,,,,,,,,,,,,,,,,,,,,,,,,,,,,,,,,,,,,,,,,,,,,,,,,,,,,,,,,,,,,,,,,,,,,,,,,,,,,,,,,,,,,,,,,,,,,,,,,,,,,,,,,,,,,,,,,,,,,,,,,,,,,,,,,,,,,,,,,,,,,,,,,,,,,,,,,,,,"10.08.10 p. m..png','Captura de pantalla 2024-05-14 a la(s",,,,,,,,,,,,,,,,,,,,,,,
,,,,,,,,,,,,,,,,,,,,,,,,,,,,,,,,,,,,,,,,,,,,,,,,,,,,,,,,,,,,,,,,,,,,,,,,,,,,,,,,,,,,,,,,,,,,,,,,,,,,,,,,,,,,,,,,,,,,,,,,,,,,,,,,,,,,,,,,,,,,,,,,,,,,,,,,,,,,,,,,,,,,,,,,,,,,,,,,,,,,,,,,,,,,,,,,,,,,,,,,,,,,,,,,,,,,,,,,,,,,,,,,,,,,,,,,,,,,,,,,,,,,,,,,,,,,,,,,,,,,,,,,,,,,,,,,,,,,,,,,,,,,,,,,,,,,,,,,,,,,,,,,,,,,,,,,,,,,,,,,,"10.08.10 p. m..png','',344050,'active','moved and local deleted','2024-05-14 20:08:14','383455/projectFile/p532604.tf_B732C09A-C699-B965-A251473D90B527BB.Captura_de_pantalla_2024-05-14_a_la_s_10.08.10_p._m..png',NULL,NULL,'s3','normal',NULL,'pending',NULL,'2024-05-14 20:08:14',0,'directS3',0,''),(8015603,383455,7524439,1,586965,'2024-06-04 15:38:08','Captura de pantalla 2024-06-04 a la(s",,,,,,,,,,,,,,,,,,,,,,,
,,,,,,,,,,,,,,,,,,,,,,,,,,,,,,,,,,,,,,,,,,,,,,,,,,,,,,,,,,,,,,,,,,,,,,,,,,,,,,,,,,,,,,,,,,,,,,,,,,,,,,,,,,,,,,,,,,,,,,,,,,,,,,,,,,,,,,,,,,,,,,,,,,,,,,,,,,,,,,,,,,,,,,,,,,,,,,,,,,,,,,,,,,,,,,,,,,,,,,,,,,,,,,,,,,,,,,,,,,,,,,,,,,,,,,,,,,,,,,,,,,,,,,,,,,,,,,,,,,,,,,,,,,,,,,,,,,,,,,,,,,,,,,,,,,,,,,,,,,,,,,,,,,,,,,,,,,,,,,,,,"5.38.00 p. m..png','Captura de pantalla 2024-06-04 a la(s",,,,,,,,,,,,,,,,,,,,,,,
,,,,,,,,,,,,,,,,,,,,,,,,,,,,,,,,,,,,,,,,,,,,,,,,,,,,,,,,,,,,,,,,,,,,,,,,,,,,,,,,,,,,,,,,,,,,,,,,,,,,,,,,,,,,,,,,,,,,,,,,,,,,,,,,,,,,,,,,,,,,,,,,,,,,,,,,,,,,,,,,,,,,,,,,,,,,,,,,,,,,,,,,,,,,,,,,,,,,,,,,,,,,,,,,,,,,,,,,,,,,,,,,,,,,,,,,,,,,,,,,,,,,,,,,,,,,,,,,,,,,,,,,,,,,,,,,,,,,,,,,,,,,,,,,,,,,,,,,,,,,,,,,,,,,,,,,,,,,,,,,,"5.38.00 p. m..png','',124151,'active','moved and local deleted','2024-06-04 15:38:08','383455/projectFile/p532604.tf_E7015F49-9E8B-0CC7-B732047B32610D91.Captura_de_pantalla_2024-06-04_a_la_s_5.38.00_p._m..png',NULL,NULL,'s3','normal',NULL,'pending',NULL,'2024-06-04 15:38:08',0,'directS3',0,''),(8062389,383455,7569043,1,586965,'2024-07-08 23:26:49','Captura de pantalla 2024-07-09 a la(s",,,,,,,,,,,,,,,,,,,,,,,
,,,,,,,,,,,,,,,,,,,,,,,,,,,,,,,,,,,,,,,,,,,,,,,,,,,,,,,,,,,,,,,,,,,,,,,,,,,,,,,,,,,,,,,,,,,,,,,,,,,,,,,,,,,,,,,,,,,,,,,,,,,,,,,,,,,,,,,,,,,,,,,,,,,,,,,,,,,,,,,,,,,,,,,,,,,,,,,,,,,,,,,,,,,,,,,,,,,,,,,,,,,,,,,,,,,,,,,,,,,,,,,,,,,,,,,,,,,,,,,,,,,,,,,,,,,,,,,,,,,,,,,,,,,,,,,,,,,,,,,,,,,,,,,,,,,,,,,,,,,,,,,,,,,,,,,,,,,,,,,,,"1.26.42 a. m..png','Captura de pantalla 2024-07-09 a la(s",,,,,,,,,,,,,,,,,,,,,,,
,,,,,,,,,,,,,,,,,,,,,,,,,,,,,,,,,,,,,,,,,,,,,,,,,,,,,,,,,,,,,,,,,,,,,,,,,,,,,,,,,,,,,,,,,,,,,,,,,,,,,,,,,,,,,,,,,,,,,,,,,,,,,,,,,,,,,,,,,,,,,,,,,,,,,,,,,,,,,,,,,,,,,,,,,,,,,,,,,,,,,,,,,,,,,,,,,,,,,,,,,,,,,,,,,,,,,,,,,,,,,,,,,,,,,,,,,,,,,,,,,,,,,,,,,,,,,,,,,,,,,,,,,,,,,,,,,,,,,,,,,,,,,,,,,,,,,,,,,,,,,,,,,,,,,,,,,,,,,,,,,"1.26.42 a. m..png','',39668,'active','moved and local deleted','2024-07-08 23:26:49','383455/projectFile/p532604.tf_CEB6949B-E422-7CDA-D8627813840212CA.Captura_de_pantalla_2024-07-09_a_la_s_1.26.42_a._m..png',NULL,NULL,'s3','normal',NULL,'pending',NULL,'2024-07-08 23:26:49',0,'directS3',0,''),(8062391,383455,7569045,1,586965,'2024-07-08 23:27:28','Captura de pantalla 2024-07-09 a la(s",,,,,,,,,,,,,,,,,,,,,,,
,,,,,,,,,,,,,,,,,,,,,,,,,,,,,,,,,,,,,,,,,,,,,,,,,,,,,,,,,,,,,,,,,,,,,,,,,,,,,,,,,,,,,,,,,,,,,,,,,,,,,,,,,,,,,,,,,,,,,,,,,,,,,,,,,,,,,,,,,,,,,,,,,,,,,,,,,,,,,,,,,,,,,,,,,,,,,,,,,,,,,,,,,,,,,,,,,,,,,,,,,,,,,,,,,,,,,,,,,,,,,,,,,,,,,,,,,,,,,,,,,,,,,,,,,,,,,,,,,,,,,,,,,,,,,,,,,,,,,,,,,,,,,,,,,,,,,,,,,,,,,,,,,,,,,,,,,,,,,,,,,"1.27.21 a. m..png','Captura de pantalla 2024-07-09 a la(s",,,,,,,,,,,,,,,,,,,,,,,
,,,,,,,,,,,,,,,,,,,,,,,,,,,,,,,,,,,,,,,,,,,,,,,,,,,,,,,,,,,,,,,,,,,,,,,,,,,,,,,,,,,,,,,,,,,,,,,,,,,,,,,,,,,,,,,,,,,,,,,,,,,,,,,,,,,,,,,,,,,,,,,,,,,,,,,,,,,,,,,,,,,,,,,,,,,,,,,,,,,,,,,,,,,,,,,,,,,,,,,,,,,,,,,,,,,,,,,,,,,,,,,,,,,,,,,,,,,,,,,,,,,,,,,,,,,,,,,,,,,,,,,,,,,,,,,,,,,,,,,,,,,,,,,,,,,,,,,,,,,,,,,,,,,,,,,,,,,,,,,,,"1.27.21 a. m..png','',54411,'active','moved and local deleted','2024-07-08 23:27:28','383455/projectFile/p532604.tf_CEBC864A-BD41-8E59-104E0569B1EA65F3.Captura_de_pantalla_2024-07-09_a_la_s_1.27.21_a._m..png',NULL,NULL,'s3','normal',NULL,'pending',NULL,'2024-07-08 23:27:28',0,'directS3',0,''),(8062392,383455,7569046,1,586965,'2024-07-08 23:27:59','Captura de pantalla 2024-07-09 a la(s",,,,,,,,,,,,,,,,,,,,,,,
,,,,,,,,,,,,,,,,,,,,,,,,,,,,,,,,,,,,,,,,,,,,,,,,,,,,,,,,,,,,,,,,,,,,,,,,,,,,,,,,,,,,,,,,,,,,,,,,,,,,,,,,,,,,,,,,,,,,,,,,,,,,,,,,,,,,,,,,,,,,,,,,,,,,,,,,,,,,,,,,,,,,,,,,,,,,,,,,,,,,,,,,,,,,,,,,,,,,,,,,,,,,,,,,,,,,,,,,,,,,,,,,,,,,,,,,,,,,,,,,,,,,,,,,,,,,,,,,,,,,,,,,,,,,,,,,,,,,,,,,,,,,,,,,,,,,,,,,,,,,,,,,,,,,,,,,,,,,,,,,,"1.27.54 a. m..png','Captura de pantalla 2024-07-09 a la(s",,,,,,,,,,,,,,,,,,,,,,,
,,,,,,,,,,,,,,,,,,,,,,,,,,,,,,,,,,,,,,,,,,,,,,,,,,,,,,,,,,,,,,,,,,,,,,,,,,,,,,,,,,,,,,,,,,,,,,,,,,,,,,,,,,,,,,,,,,,,,,,,,,,,,,,,,,,,,,,,,,,,,,,,,,,,,,,,,,,,,,,,,,,,,,,,,,,,,,,,,,,,,,,,,,,,,,,,,,,,,,,,,,,,,,,,,,,,,,,,,,,,,,,,,,,,,,,,,,,,,,,,,,,,,,,,,,,,,,,,,,,,,,,,,,,,,,,,,,,,,,,,,,,,,,,,,,,,,,,,,,,,,,,,,,,,,,,,,,,,,,,,,"1.27.54 a. m..png','',54187,'active','moved and local deleted','2024-07-08 23:27:59','383455/projectFile/p532604.tf_CEC13A99-D498-BD9C-087610ECACB59EF6.Captura_de_pantalla_2024-07-09_a_la_s_1.27.54_a._m..png',NULL,NULL,'s3','normal',NULL,'pending',NULL,'2024-07-08 23:27:59',0,'directS3',0,''),(8099878,383455,7604426,1,586965,'2024-08-05 20:43:38','July ICR .docx','July ICR .docx','',11108,'active','moved and local deleted','2024-08-05 20:43:38','383455/projectFile/p532604.tf_6AD5319C-F47B-F0DB-6DDD6DD4CEB4A969.July_ICR_.docx',NULL,NULL,'s3','normal',NULL,'pending',NULL,'2024-08-05 20:43:38',0,'directS3',0,''),(8099880,383455,7604428,1,586965,'2024-08-05 20:44:26','July ICR .docx','July ICR .docx','',11108,'active','moved and local deleted','2024-08-05 20:44:26','383455/projectFile/p532604.tf_6ADB5EB5-A50C-4442-C2D98D56A0CE438F.July_ICR_.docx',NULL,NULL,'s3','normal',NULL,'pending',NULL,'2024-08-05 20:44:26',0,'directS3',0,''),(8135644,383455,7638777,1,586965,'2024-09-02 06:48:54','Captura de pantalla 2024-09-02 a la(s",,,,,,,,,,,,,,,,,,,,,,,
,,,,,,,,,,,,,,,,,,,,,,,,,,,,,,,,,,,,,,,,,,,,,,,,,,,,,,,,,,,,,,,,,,,,,,,,,,,,,,,,,,,,,,,,,,,,,,,,,,,,,,,,,,,,,,,,,,,,,,,,,,,,,,,,,,,,,,,,,,,,,,,,,,,,,,,,,,,,,,,,,,,,,,,,,,,,,,,,,,,,,,,,,,,,,,,,,,,,,,,,,,,,,,,,,,,,,,,,,,,,,,,,,,,,,,,,,,,,,,,,,,,,,,,,,,,,,,,,,,,,,,,,,,,,,,,,,,,,,,,,,,,,,,,,,,,,,,,,,,,,,,,,,,,,,,,,,,,,,,,,,"8.48.48 a. m..png','Captura de pantalla 2024-09-02 a la(s",,,,,,,,,,,,,,,,,,,,,,,
,,,,,,,,,,,,,,,,,,,,,,,,,,,,,,,,,,,,,,,,,,,,,,,,,,,,,,,,,,,,,,,,,,,,,,,,,,,,,,,,,,,,,,,,,,,,,,,,,,,,,,,,,,,,,,,,,,,,,,,,,,,,,,,,,,,,,,,,,,,,,,,,,,,,,,,,,,,,,,,,,,,,,,,,,,,,,,,,,,,,,,,,,,,,,,,,,,,,,,,,,,,,,,,,,,,,,,,,,,,,,,,,,,,,,,,,,,,,,,,,,,,,,,,,,,,,,,,,,,,,,,,,,,,,,,,,,,,,,,,,,,,,,,,,,,,,,,,,,,,,,,,,,,,,,,,,,,,,,,,,"Pedro Contreras\' Portfolio for Culture Flipper.pdf','',9604270,'active','moved and local deleted','2024-06-05 14:45:13','383455/projectFile/p566839.tf_189A11D1-0E4C-832A-C46F2E13C2A92084.Pedro_Contreras_Portfolio_for_Culture_Flipper.pdf',NULL,NULL,'s3','normal',NULL,'pending',NULL,'2024-06-05 14:45:13',0,'directS3',0,''),(8017261,383455,7526003,1,592907,'2024-06-05 14:51:25','Resume_PedroContreras_2024.pdf','Resume_PedroContreras_2024.pdf','',82616,'active','moved and local deleted','2024-06-05 14:51:25','383455/projectFile/p566839.tf_18D402AB-F091-280C-9CFB9E6EBC922ABE.Resume_PedroContreras_2024.pdf',NULL,NULL,'s3','normal',NULL,'pending',NULL,'2024-06-05 14:51:25',0,'directS3',0,''),(8017262,383455,7526004,1,592907,'2024-06-05 14:51:25','Pedro Contreras\' Portfolio for Culture Flipper.pdf","8.48.48 a. m..png','',50385,'active','moved and local deleted','2024-09-02 06:48:54','383455/projectFile/p532604.tf_EEEF9B2D-AD53-C5D7-0ADC459E4084B336.Captura_de_pantalla_2024-09-02_a_la_s_8.48.48_a._m..png',NULL,NULL,'s3','normal',NULL,'pending',NULL,'2024-09-02 06:48:54',0,'directS3',0,''),(8017248,383455,7525990,1,592907,'2024-06-05 14:45:13','Resume_PedroContreras_2024.pdf','Resume_PedroContreras_2024.pdf','',82616,'active','moved and local deleted','2024-06-05 14:45:13','383455/projectFile/p566839.tf_189A0D70-C57F-2A73-D52D6AD91D73DC62.Resume_PedroContreras_2024.pdf',NULL,NULL,'s3','normal',NULL,'pending',NULL,'2024-06-05 14:45:13',0,'directS3',0,''),(8017249,383455,7525991,1,592907,'2024-06-05 14:45:13','Pedro Contreras\' Portfolio for Culture Flipper.pdf'","'Pedro Contreras\' Portfolio for Culture Flipper.pdf','',9604270,'active','moved and local deleted','2024-06-05 14:51:25','383455/projectFile/p566839.tf_18D4073F-F073-E9E1-5FE78C19B21C1E38.Pedro_Contreras_Portfolio_for_Culture_Flipper.pdf',NULL,NULL,'s3','normal',NULL,'pending',NULL,'2024-06-05 14:51:25',0,'directS3',0,''),(8055486,383455,7562447,1,592907,'2024-07-02 16:07:52','IMG_5840.jpeg','IMG_5840.jpeg','',2313533,'active','moved and local deleted','2024-07-02 16:07:52','383455/projectFile/p689053.tf_8A04961A-C94B-D67B-CAD9356332C2F5CA.IMG_5840.jpeg',NULL,NULL,'s3','normal',NULL,'created',NULL,'2024-07-02 16:07:52',0,'directS3',0,''),(8159371,383455,7661191,1,592907,'2024-09-19 18:10:53','RickGi.pdf','RickGi.pdf','',60926,'active','moved and local deleted','2024-09-19 18:10:53','383455/projectFile/p566839.tf_72CA17A5-FBF6-DC78-8B637A0510DDFB06.RickGi.pdf',NULL,NULL,'s3','normal',NULL,'pending',NULL,'2024-09-19 18:10:53',0,'directS3',0,''),(8047741,383455,7555160,1,595583,'2024-06-26 18:20:10','July.png','July.png','',712999,'active','moved and local deleted','2024-06-26 18:20:10','383455/projectFile/p689053.tf_5994888C-B280-3FB4-CCBC2EAB6DD01185.July.png',NULL,NULL,'s3','normal',NULL,'created',NULL,'2024-06-26 18:20:10',0,'directS3',0,''),(8049587,383455,7556902,1,595583,'2024-06-27 18:52:20','Julio.png','Julio.png','',735249,'active','moved and local deleted','2024-06-27 18:52:20','383455/projectFile/p689053.tf_8E69D7FA-F271-336A-D2D10E7E1FE95BBD.Julio.png',NULL,NULL,'s3','normal',NULL,'created',NULL,'2024-06-27 18:52:20',0,'directS3',0,''),(8053990,383455,7561052,1,595583,'2024-07-02 01:01:51','Algarrobo_CF.jpg','Algarrobo_CF.jpg','',1269233,'active','moved and local deleted','2024-07-02 01:01:51','383455/projectFile/p689053.tf_699D9418-946B-83F1-956493194785950D.Algarrobo_CF.jpg',NULL,NULL,'s3','normal',NULL,'created',NULL,'2024-07-02 01:01:51',0,'directS3',0,''),(8053991,383455,7561053,1,595583,'2024-07-02 01:01:51','Nugget_CF.jpg','Nugget_CF.jpg','',1363519,'active','moved and local deleted','2024-07-02 01:01:51','383455/projectFile/p689053.tf_699E7DBE-A55F-0072-DD73E86BC0C0821A.Nugget_CF.jpg',NULL,NULL,'s3','normal',NULL,'created',NULL,'2024-07-02 01:01:51',0,'directS3',0,''),(8056214,383455,7563153,1,595583,'2024-07-02 22:39:57','2024-CF-IGFeed-MXSK-1.jpg','2024-CF-IGFeed-MXSK-1.jpg','',709116,'active','moved and local deleted','2024-07-02 22:39:57','383455/projectFile/p689053.tf_980BB84F-9BA7-EF7A-590CEFB78B0042CC.2024-CF-IGFeed-MXSK-1.jpg',NULL,NULL,'s3','normal',NULL,'created',NULL,'2024-07-02 22:39:57',0,'directS3',0,''),(8056215,383455,7563154,1,595583,'2024-07-02 22:40:00','2024-CF-IGFeed-MXSK-2.jpg','2024-CF-IGFeed-MXSK-2.jpg','',668800,'active','moved and local deleted','2024-07-02 22:40:00','383455/projectFile/p689053.tf_980C31A7-03B2-D522-5347EF2DEE6F84E1.2024-CF-IGFeed-MXSK-2.jpg',NULL,NULL,'s3','normal',NULL,'created',NULL,'2024-07-02 22:40:00',0,'directS3',0,''),(8056216,383455,7563155,1,595583,'2024-07-02 22:40:03','2024-CF-IGFeed-MXSK-3.jpg','2024-CF-IGFeed-MXSK-3.jpg','',687022,'active','moved and local deleted','2024-07-02 22:40:03','383455/projectFile/p689053.tf_980CB0FA-AAF5-2025-0EB5772D765471BD.2024-CF-IGFeed-MXSK-3.jpg',NULL,NULL,'s3','normal',NULL,'created',NULL,'2024-07-02 22:40:03',0,'directS3',0,''),(8056217,383455,7563156,1,595583,'2024-07-02 22:40:06','2024-CF-Linkedin-MXSK.jpg','2024-CF-Linkedin-MXSK.jpg','',545360,'active','moved and local deleted','2024-07-02 22:40:06','383455/projectFile/p689053.tf_980D384F-CD5D-3FAF-1B660C2602BCE0EA.2024-CF-Linkedin-MXSK.jpg',NULL,NULL,'s3','normal',NULL,'created',NULL,'2024-07-02 22:40:06',0,'directS3',0,''),(8057993,383455,7564882,1,595583,'2024-07-03 23:14:29','2024-CF-IGStories-July4-1.jpg','2024-CF-IGStories-July4-1.jpg','',1452988,'active','moved and local deleted','2024-07-03 23:14:29','383455/projectFile/p689053.tf_CCC6F464-E3BE-6774-121D1FF88BC52DC2.2024-CF-IGStories-July4-1.jpg',NULL,NULL,'s3','normal',NULL,'created',NULL,'2024-07-03 23:14:29',0,'directS3',0,''),(8057994,383455,7564883,1,595583,'2024-07-03 23:14:29','2024-CF-IGStories-July4-2.jpg','2024-CF-IGStories-July4-2.jpg','',811303,'active','moved and local deleted','2024-07-03 23:14:29','383455/projectFile/p689053.tf_CCC6F88F-00B4-A761-23B6197C2710B018.2024-CF-IGStories-July4-2.jpg',NULL,NULL,'s3','normal',NULL,'created',NULL,'2024-07-03 23:14:29',0,'directS3',0,''),(8057995,383455,7564884,1,595583,'2024-07-03 23:14:29','2024-CF-IGStories-July4-3.jpg','2024-CF-IGStories-July4-3.jpg','',544837,'active','moved and local deleted','2024-07-03 23:14:29','383455/projectFile/p689053.tf_CCC6FCA5-E913-5BB9-95D0623339B6854E.2024-CF-IGStories-July4-3.jpg',NULL,NULL,'s3','normal',NULL,'created',NULL,'2024-07-03 23:14:29',0,'directS3',0,''),(8057996,383455,7564885,1,595583,'2024-07-03 23:14:29','2024-CF-IGStories-July4-4.jpg','2024-CF-IGStories-July4-4.jpg','',1278637,'active','moved and local deleted','2024-07-03 23:14:29','383455/projectFile/p689053.tf_CCC700BC-D7BA-4D8A-565456B2AD9379F2.2024-CF-IGStories-July4-4.jpg',NULL,NULL,'s3','normal',NULL,'created',NULL,'2024-07-03 23:14:29',0,'directS3',0,''),(8065750,383455,7572226,1,595583,'2024-07-10 17:53:04','WhatsApp Image 2024-07-10 at 11.50.00.jpeg','WhatsApp Image 2024-07-10 at 11.50.00.jpeg','',228117,'active','moved and local deleted','2024-07-10 17:53:04','383455/projectFile/p689053.tf_29C55292-DB50-4675-E88645D57CCDB092.WhatsApp_Image_2024-07-10_at_11.50.00.jpeg',NULL,NULL,'s3','normal',NULL,'created',NULL,'2024-07-10 17:53:04',0,'directS3',0,''),(8066239,383455,7572701,1,595583,'2024-07-10 22:58:48','2024-CF-IG-RubberDuck2.jpg','2024-CF-IG-RubberDuck2.jpg','',534413,'active','moved and local deleted','2024-07-10 22:58:48','383455/projectFile/p689053.tf_34B38E1D-FBC3-C237-7529CCE3988E70C4.2024-CF-IG-RubberDuck2.jpg',NULL,NULL,'s3','normal',NULL,'created',NULL,'2024-07-10 22:58:48',0,'directS3',0,''),(8066240,383455,7572702,1,595583,'2024-07-10 22:58:48','2024-CF-RubberDuck.jpg','2024-CF-RubberDuck.jpg','',534413,'active','moved and local deleted','2024-07-10 22:58:48','383455/projectFile/p689053.tf_34B469A8-E600-D6BB-8191637B9AABA591.2024-CF-RubberDuck.jpg',NULL,NULL,'s3','normal',NULL,'created',NULL,'2024-07-10 22:58:48',0,'directS3',0,''),(8081323,383455,7586867,1,595583,'2024-07-22 17:29:45','1.png','1.png','',61238,'active','moved and local deleted','2024-07-22 17:29:45','383455/projectFile/p689053.tf_92EB1CE3-B06B-60EB-AE1FBD356705A31D.1.png',NULL,NULL,'s3','normal',NULL,'created',NULL,'2024-07-22 17:29:45',0,'directS3',0,''),(8081324,383455,7586868,1,595583,'2024-07-22 17:29:45','2.png','2.png','',139115,'active','moved and local deleted','2024-07-22 17:29:45','383455/projectFile/p689053.tf_92EB20A3-BD9B-1AD3-58ABE44244ACBD07.2.png',NULL,NULL,'s3','normal',NULL,'created',NULL,'2024-07-22 17:29:45',0,'directS3',0,''),(8081920,383455,7587362,1,595583,'2024-07-22 21:01:27','1.png','1.png','',61238,'active','moved and local deleted','2024-07-22 21:01:27','383455/projectFile/p689053.tf_9A7D6398-CB39-CAED-D5985972B6C1B20F.1.png',NULL,NULL,'s3','normal',NULL,'created',NULL,'2024-07-22 21:01:27',0,'directS3',0,''),(8081921,383455,7587363,1,595583,'2024-07-22 21:01:27','2.png','2.png','',139115,'active','moved and local deleted','2024-07-22 21:01:27','383455/projectFile/p689053.tf_9A7D6740-079C-9880-649013F489A5AE0F.2.png',NULL,NULL,'s3','normal',NULL,'created',NULL,'2024-07-22 21:01:27',0,'directS3',0,''),(8083793,383455,7589118,1,595583,'2024-07-23 20:15:26','2024-July-CF-IG-Repost-2.jpg','2024-July-CF-IG-Repost-2.jpg','',502070,'active','moved and local deleted','2024-07-23 20:15:26','383455/projectFile/p689053.tf_CC581956-F864-296D-8CA2BE772B5142ED.2024-July-CF-IG-Repost-2.jpg',NULL,NULL,'s3','normal',NULL,'created',NULL,'2024-07-23 20:15:26',0,'directS3',0,''),(8083827,383455,7589152,1,595583,'2024-07-23 20:42:23','2024-July-CF-IG-Sena.jpg','2024-July-CF-IG-Sena.jpg','',121217,'active','moved and local deleted','2024-07-23 20:42:23','383455/projectFile/p689053.tf_CD4C9BA2-0E4D-F498-35AB091BFC65A69C.2024-July-CF-IG-Sena.jpg',NULL,NULL,'s3','normal',NULL,'created',NULL,'2024-07-23 20:42:23',0,'directS3',0,''),(8083828,383455,7589153,1,595583,'2024-07-23 20:42:23','2024-IGsqare-1b.jpg','2024-IGsqare-1b.jpg','',392158,'active','moved and local deleted','2024-07-23 20:42:23','383455/projectFile/p689053.tf_CD4E27A5-D3E4-2993-E8733350E27CEB35.2024-IGsqare-1b.jpg',NULL,NULL,'s3','normal',NULL,'created',NULL,'2024-07-23 20:42:23',0,'directS3',0,''),(8083829,383455,7589154,1,595583,'2024-07-23 20:42:23','2024 IGsqare 2.jpg','2024 IGsqare 2.jpg','',228023,'active','moved and local deleted','2024-07-23 20:42:23','383455/projectFile/p689053.tf_CD4EE491-0CC1-A427-410FEFA7AAA059F3.2024_IGsqare_2.jpg',NULL,NULL,'s3','normal',NULL,'created',NULL,'2024-07-23 20:42:23',0,'directS3',0,''),(8083831,383455,7589156,1,595583,'2024-07-23 20:42:44','2024 IGsqare 3.jpg','2024 IGsqare 3.jpg','',345866,'active','moved and local deleted','2024-07-23 20:42:44','383455/projectFile/p689053.tf_CD51A7DD-CD3A-A055-DF515C5A41FA2F7D.2024_IGsqare_3.jpg',NULL,NULL,'s3','normal',NULL,'created',NULL,'2024-07-23 20:42:44',0,'directS3',0,''),(8092518,383455,7597498,1,595583,'2024-07-30 22:00:47','2024-July-CF-IG-Repost-3 (2",,,,,,,,,,,,,,,,,,,,,,
,,,,,,,,,,,,,,,,,,,,,,,,,,,,,,,,,,,,,,,,,,,,,,,,,,,,,,,,,,,,,,,,,,,,,,,,,,,,,,,,,,,,,,,,,,,,,,,,,,,,,,,,,,,,,,,,,,,,,,,,,,,,,,,,,,,,,,,,,,,,,,,,,,,,,,,,,,,,,,,,,,,,,,,,,,,,,,,,,,,,,,,,,,,,,,,,,,,,,,,,,,,,,,,,,,,,,,,,,,,,,,,,,,,,,,,,,,,,,,,,,,,,,,,,,,,,,,,,,,,,,,,,,,,,,,,,,,,,,,,,,,,,,,,,,,,,,,,,,,,,,,,,,,,,,,,,,,,,,,,,,".jpg','2024-July-CF-IG-Repost-3 (2",,,,,,,,,,,,,,,,,,,,,,,
,,,,,,,,,,,,,,,,,,,,,,,,,,,,,,,,,,,,,,,,,,,,,,,,,,,,,,,,,,,,,,,,,,,,,,,,,,,,,,,,,,,,,,,,,,,,,,,,,,,,,,,,,,,,,,,,,,,,,,,,,,,,,,,,,,,,,,,,,,,,,,,,,,,,,,,,,,,,,,,,,,,,,,,,,,,,,,,,,,,,,,,,,,,,,,,,,,,,,,,,,,,,,,,,,,,,,,,,,,,,,,,,,,,,,,,,,,,,,,,,,,,,,,,,,,,,,,,,,,,,,,,,,,,,,,,,,,,,,,,,,,,,,,,,,,,,,,,,,,,,,,,,,,,,,,,,,,,,,,,,,".jpg','',411655,'active','moved and local deleted','2024-07-30 22:00:47','383455/projectFile/p689053.tf_3899D075-FAAE-3F2A-C846D4DEB9C5131C.2024-July-CF-IG-Repost-3_2_.jpg',NULL,NULL,'s3','normal',NULL,'created',NULL,'2024-07-30 22:00:47',0,'directS3',0,''),(8103933,383455,7608236,1,595583,'2024-08-07 22:19:36','2024-August-CF-IG-Onomatopoeia-1_1.jpg','2024-August-CF-IG-Onomatopoeia-1_1.jpg','',199811,'active','moved and local deleted','2024-08-07 22:19:36','383455/projectFile/p689053.tf_D54070F3-B03B-75A6-DFE1997374C7DBFC.2024-August-CF-IG-Onomatopoeia-1_1.jpg',NULL,NULL,'s3','normal',NULL,'created',NULL,'2024-08-07 22:19:36',0,'directS3',0,''),(8103934,383455,7608237,1,595583,'2024-08-07 22:19:36','2024-August-CF-IG-Onomatopoeia-1_2 (1",,,,,,,,,,,,,,,,,,,,,,,
,,,,,,,,,,,,,,,,,,,,,,,,,,,,,,,,,,,,,,,,,,,,,,,,,,,,,,,,,,,,,,,,,,,,,,,,,,,,,,,,,,,,,,,,,,,,,,,,,,,,,,,,,,,,,,,,,,,,,,,,,,,,,,,,,,,,,,,,,,,,,,,,,,,,,,,,,,,,,,,,,,,,,,,,,,,,,,,,,,,,,,,,,,,,,,,,,,,,,,,,,,,,,,,,,,,,,,,,,,,,,,,,,,,,,,,,,,,,,,,,,,,,,,,,,,,,,,,,,,,,,,,,,,,,,,,,,,,,,,,,,,,,,,,,,,,,,,,,,,,,,,,,,,,,,,,,,,,,,,,,,".jpg','2024-August-CF-IG-Onomatopoeia-1_2 (1",,,,,,,,,,,,,,,,,,,,,,,
,,,,,,,,,,,,,,,,,,,,,,,,,,,,,,,,,,,,,,,,,,,,,,,,,,,,,,,,,,,,,,,,,,,,,,,,,,,,,,,,,,,,,,,,,,,,,,,,,,,,,,,,,,,,,,,,,,,,,,,,,,,,,,,,,,,,,,,,,,,,,,,,,,,,,,,,,,,,,,,,,,,,,,,,,,,,,,,,,,,,,,,,,,,,,,,,,,,,,,,,,,,,,,,,,,,,,,,,,,,,,,,,,,,,,,,,,,,,,,,,,,,,,,,,,,,,,,,,,,,,,,,,,,,,,,,,,,,,,,,,,,,,,,,,,,,,,,,,,,,,,,,,,,,,,,,,,,,,,,,,"Rhody\'s Workspace-crop.jpg','',4371291,'active','moved and local deleted','2024-08-20 18:44:45','383455/projectFile/p689053.tf_6873DE5E-928F-0965-2DA7FDD0E74054BA.Rhody_s_Workspace-crop.jpg',NULL,NULL,'s3','normal',NULL,'created',NULL,'2024-08-20 18:44:45',0,'directS3',0,''),(8120237,383455,7624110,1,595583,'2024-08-20 18:44:45','Rhody\'s Books-crop.jpg",".jpg','',1010517,'active','moved and local deleted','2024-08-07 22:19:36','383455/projectFile/p689053.tf_D542B620-FEDC-F8A5-CF049096EB80F7FC.2024-August-CF-IG-Onomatopoeia-1_2_1_.jpg',NULL,NULL,'s3','normal',NULL,'created',NULL,'2024-08-07 22:19:36',0,'directS3',0,''),(8113731,383455,7617758,1,595583,'2024-08-15 05:07:28','IMG_7665.HEIC','IMG_7665.HEIC','',1410288,'deleted','moved and local deleted','2024-08-15 05:07:28','383455/projectFile/p689053.tf_4A4B887F-0101-0820-DEB5C84C7536EE70.IMG_7665.HEIC','2024-08-15 05:11:13',595583,'s3','normal',NULL,'pending',NULL,'2024-08-15 05:11:13',0,'directS3',0,''),(8113732,383455,7617759,1,595583,'2024-08-15 05:07:28','WhatsApp Image 2024-08-14 at 10.16.33.jpeg','WhatsApp Image 2024-08-14 at 10.16.33.jpeg','',519474,'active','moved and local deleted','2024-08-15 05:07:28','383455/projectFile/p689053.tf_4BC66FF1-B4B9-202D-E52B66E1D439156D.WhatsApp_Image_2024-08-14_at_10.16.33.jpeg',NULL,NULL,'s3','normal',NULL,'created',NULL,'2024-08-15 05:07:28',0,'directS3',0,''),(8113733,383455,7617760,1,595583,'2024-08-15 05:07:28','IMG_7883.HEIC','IMG_7883.HEIC','',1325227,'deleted','moved and local deleted','2024-08-15 05:07:28','383455/projectFile/p689053.tf_4BE52793-D46E-CAF9-F4DCE633F5C720D4.IMG_7883.HEIC','2024-08-15 05:11:17',595583,'s3','normal',NULL,'pending',NULL,'2024-08-15 05:11:17',0,'directS3',0,''),(8113734,383455,7617761,1,595583,'2024-08-15 05:07:28','309658ee-8b60-4fdd-9782-578ac78c56da.JPG','309658ee-8b60-4fdd-9782-578ac78c56da.JPG','',458072,'active','moved and local deleted','2024-08-15 05:07:28','383455/projectFile/p689053.tf_4C0A1A33-95C5-48A2-957C93C70543A521.309658ee-8b60-4fdd-9782-578ac78c56da.JPG',NULL,NULL,'s3','normal',NULL,'created',NULL,'2024-08-15 05:07:28',0,'directS3',0,''),(8113735,383455,7617762,1,595583,'2024-08-15 05:12:14','IMG_7665.jpg','IMG_7665.jpg','',6255638,'active','moved and local deleted','2024-08-15 05:12:14','383455/projectFile/p689053.tf_4C7E3662-D05A-1F2A-24A149636053B609.IMG_7665.jpg',NULL,NULL,'s3','normal',NULL,'created',NULL,'2024-08-15 05:12:14',0,'directS3',0,''),(8113736,383455,7617763,1,595583,'2024-08-15 05:12:14','IMG_7883.jpg','IMG_7883.jpg','',6658318,'active','moved and local deleted','2024-08-15 05:12:14','383455/projectFile/p689053.tf_4C7F9F1C-C77F-4CB4-DCE51B7D03B5F57A.IMG_7883.jpg',NULL,NULL,'s3','normal',NULL,'created',NULL,'2024-08-15 05:12:14',0,'directS3',0,''),(8120236,383455,7624109,1,595583,'2024-08-20 18:44:45','Rhody\'s Workspace-crop.jpg'","'Rhody\'s Books-crop.jpg','',6843604,'active','moved and local deleted','2024-08-20 18:44:45','383455/projectFile/p689053.tf_68757264-DE22-9268-E048EBC299C3DB09.Rhody_s_Books-crop.jpg',NULL,NULL,'s3','normal',NULL,'created',NULL,'2024-08-20 18:44:45',0,'directS3',0,''),(8127103,383455,7630610,1,595583,'2024-08-26 20:48:49','Image_20240815_161457_921 (1",,,,,,,,,,,,,,,,,,,,,,
,,,,,,,,,,,,,,,,,,,,,,,,,,,,,,,,,,,,,,,,,,,,,,,,,,,,,,,,,,,,,,,,,,,,,,,,,,,,,,,,,,,,,,,,,,,,,,,,,,,,,,,,,,,,,,,,,,,,,,,,,,,,,,,,,,,,,,,,,,,,,,,,,,,,,,,,,,,,,,,,,,,,,,,,,,,,,,,,,,,,,,,,,,,,,,,,,,,,,,,,,,,,,,,,,,,,,,,,,,,,,,,,,,,,,,,,,,,,,,,,,,,,,,,,,,,,,,,,,,,,,,,,,,,,,,,,,,,,,,,,,,,,,,,,,,,,,,,,,,,,,,,,,,,,,,,,,,,,,,,,,".jpeg','Image_20240815_161457_921 (1",,,,,,,,,,,,,,,,,,,,,,,
,,,,,,,,,,,,,,,,,,,,,,,,,,,,,,,,,,,,,,,,,,,,,,,,,,,,,,,,,,,,,,,,,,,,,,,,,,,,,,,,,,,,,,,,,,,,,,,,,,,,,,,,,,,,,,,,,,,,,,,,,,,,,,,,,,,,,,,,,,,,,,,,,,,,,,,,,,,,,,,,,,,,,,,,,,,,,,,,,,,,,,,,,,,,,,,,,,,,,,,,,,,,,,,,,,,,,,,,,,,,,,,,,,,,,,,,,,,,,,,,,,,,,,,,,,,,,,,,,,,,,,,,,,,,,,,,,,,,,,,,,,,,,,,,,,,,,,,,,,,,,,,,,,,,,,,,,,,,,,,,,".jpeg','',2578239,'active','moved and local deleted','2024-08-26 20:48:49','383455/projectFile/p689053.tf_A3669F73-AE0D-B111-E467AB8D2A9AD55E.Image_20240815_161457_921_1_.jpeg',NULL,NULL,'s3','normal',NULL,'created',NULL,'2024-08-26 20:48:49',0,'directS3',0,''),(8127225,383455,7630732,1,595583,'2024-08-26 21:57:46','Image_20240816_103717.jpeg','Image_20240816_103717.jpeg','',1446199,'active','moved and local deleted','2024-08-26 21:57:46','383455/projectFile/p689053.tf_A5E5E7FD-D7BB-4C28-0D343F28D6D9FAEB.Image_20240816_103717.jpeg',NULL,NULL,'s3','normal',NULL,'created',NULL,'2024-08-26 21:57:46',0,'directS3',0,''),(8127226,383455,7630733,1,595583,'2024-08-26 21:57:46','1723735720521.jpg','1723735720521.jpg','',163517,'active','moved and local deleted','2024-08-26 21:57:46','383455/projectFile/p689053.tf_A5E78B89-0B6D-14B3-7EB701D5929A633A.1723735720521.jpg',NULL,NULL,'s3','normal',NULL,'created',NULL,'2024-08-26 21:57:46',0,'directS3',0,''),(8201150,383455,7701691,1,595583,'2024-10-09 22:01:37','KO-mouth-chart.jpg','KO-mouth-chart.jpg','',75321,'active','moved and local deleted','2024-10-09 22:01:37','383455/projectFile/p689053.tf_81037A51-A89A-8832-B3FF55D5023251FD.KO-mouth-chart.jpg',NULL,NULL,'s3','normal',NULL,'created',NULL,'2024-10-09 22:01:37',0,'directS3',0,''),(8214687,383455,7714787,1,595583,'2024-10-21 21:00:42','1024px-Ampliación_Granada_(Nuevo_Polanco",,,,,,,,,,,,,,,,,,,,,,,
,,,,,,,,,,,,,,,,,,,,,,,,,,,,,,,,,,,,,,,,,,,,,,,,,,,,,,,,,,,,,,,,,,,,,,,,,,,,,,,,,,,,,,,,,,,,,,,,,,,,,,,,,,,,,,,,,,,,,,,,,,,,,,,,,,,,,,,,,,,,,,,,,,,,,,,,,,,,,,,,,,,,,,,,,,,,,,,,,,,,,,,,,,,,,,,,,,,,,,,,,,,,,,,,,,,,,,,,,,,,,,,,,,,,,,,,,,,,,,,,,,,,,,,,,,,,,,,,,,,,,,,,,,,,,,,,,,,,,,,,,,,,,,,,,,,,,,,,,,,,,,,,,,,,,,,,,,,,,,,,"_CDMX..jpg','1024px-Ampliación_Granada_(Nuevo_Polanco",,,,,,,,,,,,,,,,,,,,,,,,
,,,,,,,,,,,,,,,,,,,,,,,,,,,,,,,,,,,,,,,,,,,,,,,,,,,,,,,,,,,,,,,,,,,,,,,,,,,,,,,,,,,,,,,,,,,,,,,,,,,,,,,,,,,,,,,,,,,,,,,,,,,,,,,,,,,,,,,,,,,,,,,,,,,,,,,,,,,,,,,,,,,,,,,,,,,,,,,,,,,,,,,,,,,,,,,,,,,,,,,,,,,,,,,,,,,,,,,,,,,,,,,,,,,,,,,,,,,,,,,,,,,,,,,,,,,,,,,,,,,,,,,,,,,,,,,,,,,,,,,,,,,,,,,,,,,,,,,,,,,,,,,,,,,,,,,,,,,,,,,,"_CDMX..jpg','',418125,'active','moved and local deleted','2024-10-21 21:00:42','383455/projectFile/p689053.tf_E8D17750-B2B3-CD0D-5D7DB8348EF1A0AD.1024px-Ampliacio_n_Granada_Nuevo_Polanco_CDMX..jpg',NULL,NULL,'s3','normal',NULL,'created',NULL,'2024-10-21 21:00:42',0,'directS3',0,''),(8214688,383455,7714788,1,595583,'2024-10-21 21:00:42','1024px-Zona_Maco_2017_HJ2A7229_(32638817232",,,,,,,,,,,,,,,,,,,,,,,,
,,,,,,,,,,,,,,,,,,,,,,,,,,,,,,,,,,,,,,,,,,,,,,,,,,,,,,,,,,,,,,,,,,,,,,,,,,,,,,,,,,,,,,,,,,,,,,,,,,,,,,,,,,,,,,,,,,,,,,,,,,,,,,,,,,,,,,,,,,,,,,,,,,,,,,,,,,,,,,,,,,,,,,,,,,,,,,,,,,,,,,,,,,,,,,,,,,,,,,,,,,,,,,,,,,,,,,,,,,,,,,,,,,,,,,,,,,,,,,,,,,,,,,,,,,,,,,,,,,,,,,,,,,,,,,,,,,,,,,,,,,,,,,,,,,,,,,,,,,,,,,,,,,,,,,,,,,,,,,,,,".jpg','1024px-Zona_Maco_2017_HJ2A7229_(32638817232",,,,,,,,,,,,,,,,,,,,,,,
,,,,,,,,,,,,,,,,,,,,,,,,,,,,,,,,,,,,,,,,,,,,,,,,,,,,,,,,,,,,,,,,,,,,,,,,,,,,,,,,,,,,,,,,,,,,,,,,,,,,,,,,,,,,,,,,,,,,,,,,,,,,,,,,,,,,,,,,,,,,,,,,,,,,,,,,,,,,,,,,,,,,,,,,,,,,,,,,,,,,,,,,,,,,,,,,,,,,,,,,,,,,,,,,,,,,,,,,,,,,,,,,,,,,,,,,,,,,,,,,,,,,,,,,,,,,,,,,,,,,,,,,,,,,,,,,,,,,,,,,,,,,,,,,,,,,,,,,,,,,,,,,,,,,,,,,,,,,,,,,,".jpg','',109826,'active','moved and local deleted','2024-10-21 21:00:42','383455/projectFile/p689053.tf_E8D17B0A-9D23-D235-1E693798861F49BF.1024px-Zona_Maco_2017_HJ2A7229_32638817232_.jpg',NULL,NULL,'s3','normal',NULL,'created',NULL,'2024-10-21 21:00:42',0,'directS3',0,''),(8214689,383455,7714789,1,595583,'2024-10-21 21:00:42','16766100241_26d5d916a6_c.jpg','16766100241_26d5d916a6_c.jpg','',111953,'active','moved and local deleted','2024-10-21 21:00:42','383455/projectFile/p689053.tf_E8D17F1F-DA11-A135-68C83A9AE9FED6BC.16766100241_26d5d916a6_c.jpg',NULL,NULL,'s3','normal',NULL,'created',NULL,'2024-10-21 21:00:42',0,'directS3',0,''),(8214690,383455,7714790,1,595583,'2024-10-21 21:00:42','37446593616_529759ac87_k.jpg','37446593616_529759ac87_k.jpg','',504654,'active','moved and local deleted','2024-10-21 21:00:42','383455/projectFile/p689053.tf_E8D182F4-D80B-E0FB-F07E9ABEDC831362.37446593616_529759ac87_k.jpg',NULL,NULL,'s3','normal',NULL,'created',NULL,'2024-10-21 21:00:42',0,'directS3',0,''),(8214691,383455,7714791,1,595583,'2024-10-21 21:00:42','laguna-mexico-in-mexico-city-by-productora-credit-camilla-cossio-architectural-review-4-1024x682.jpg','laguna-mexico-in-mexico-city-by-productora-credit-camilla-cossio-architectural-review-4-1024x682.jpg','',190826,'active','moved and local deleted','2024-10-21 21:00:42','383455/projectFile/p689053.tf_E8D186DF-DEED-E83D-6444FDCFAC1611E3.laguna-mexico-in-mexico-city-by-productora-credit-camilla-cossio-architectural-review-4-1024x682.jpg',NULL,NULL,'s3','normal',NULL,'created',NULL,'2024-10-21 21:00:42',0,'directS3',0,''),(8326418,383455,7821604,1,595583,'2025-01-24 03:58:14','assignedtome.png','assignedtome.png','',282930,'active','moved and local deleted','2025-01-24 03:58:14','383455/projectFile/p454539.tf_E09A8884-DAF3-2E69-F5DB0585999C73FA.assignedtome.png',NULL,NULL,'s3','normal',NULL,'pending',NULL,'2025-01-24 03:58:14',0,'directS3',0,''),(8326419,383455,7821605,1,595583,'2025-01-24 03:58:23','assignedtome2.png','assignedtome2.png','',276976,'active','moved and local deleted','2025-01-24 03:58:23','383455/projectFile/p454539.tf_E09BCEAB-C78F-102E-AE0A2FF4390A1FE8.assignedtome2.png',NULL,NULL,'s3','normal',NULL,'pending',NULL,'2025-01-24 03:58:23',0,'directS3',0,''),(8326424,383455,7821610,1,595583,'2025-01-24 04:00:09','smartcat1.png','smartcat1.png','',380875,'active','moved and local deleted','2025-01-24 04:00:09','383455/projectFile/p454539.tf_E0AC2111-0734-D297-870569F3000A9498.smartcat1.png',NULL,NULL,'s3','normal',NULL,'pending',NULL,'2025-01-24 04:00:09',0,'directS3',0,''),(8326425,383455,7821611,1,595583,'2025-01-24 04:00:22','Smartcat.png','Smartcat.png','',399515,'active','moved and local deleted','2025-01-24 04:00:22','383455/projectFile/p454539.tf_E0AE1339-D149-390A-530441E21A89BEB7.Smartcat.png',NULL,NULL,'s3','normal',NULL,'pending',NULL,'2025-01-24 04:00:22',0,'directS3',0,''),(8326427,383455,7821613,1,595583,'2025-01-24 04:01:59','CF Copy of [Script] Coinbase Wallet - Getting Started (v2",,,,,,,,,,,,,,,,,,,,,,,
,,,,,,,,,,,,,,,,,,,,,,,,,,,,,,,,,,,,,,,,,,,,,,,,,,,,,,,,,,,,,,,,,,,,,,,,,,,,,,,,,,,,,,,,,,,,,,,,,,,,,,,,,,,,,,,,,,,,,,,,,,,,,,,,,,,,,,,,,,,,,,,,,,,,,,,,,,,,,,,,,,,,,,,,,,,,,,,,,,,,,,,,,,,,,,,,,,,,,,,,,,,,,,,,,,,,,,,,,,,,,,,,,,,,,,,,,,,,,,,,,,,,,,,,,,,,,,,,,,,,,,,,,,,,,,,,,,,,,,,,,,,,,,,,,,,,,,,,,,,,,,,,,,,,,,,,,,,,,,,,,en-es-419,,,,,,,,,,,,,,,,,,,,,,,
,,,,,,,,,,,,,,,,,,,,,,,,,,,,,,,,,,,,,,,,,,,,,,,,,,,,,,,,,,,,,,,,,,,,,,,,,,,,,,,,,,,,,,,,,,,,,,,,,,,,,,,,,,,,,,,,,,,,,,,,,,,,,,,,,,,,,,,,,,,,,,,,,,,,,,,,,,,,,,,,,,,,,,,,,,,,,,,,,,,,,,,,,,,,,,,,,,,,,,,,,,,,,,,,,,,,,,,,,,,,,,,,,,,,,,,,,,,,,,,,,,,,,,,,,,,,,,,,,,,,,,,,,,,,,,,,,,,,,,,,,,,,,,,,,,,,,,,,,,,,,,,,,,,,,,,,,,,,,,,,,".docx','CF Copy of [Script] Coinbase Wallet - Getting Started (v2",,,,,,,,,,,,,,,,,,,,,,,
,,,,,,,,,,,,,,,,,,,,,,,,,,,,,,,,,,,,,,,,,,,,,,,,,,,,,,,,,,,,,,,,,,,,,,,,,,,,,,,,,,,,,,,,,,,,,,,,,,,,,,,,,,,,,,,,,,,,,,,,,,,,,,,,,,,,,,,,,,,,,,,,,,,,,,,,,,,,,,,,,,,,,,,,,,,,,,,,,,,,,,,,,,,,,,,,,,,,,,,,,,,,,,,,,,,,,,,,,,,,,,,,,,,,,,,,,,,,,,,,,,,,,,,,,,,,,,,,,,,,,,,,,,,,,,,,,,,,,,,,,,,,,,,,,,,,,,,,,,,,,,,,,,,,,,,,,,,,,,,,,en-es-419,,,,,,,,,,,,,,,,,,,,,,,
,,,,,,,,,,,,,,,,,,,,,,,,,,,,,,,,,,,,,,,,,,,,,,,,,,,,,,,,,,,,,,,,,,,,,,,,,,,,,,,,,,,,,,,,,,,,,,,,,,,,,,,,,,,,,,,,,,,,,,,,,,,,,,,,,,,,,,,,,,,,,,,,,,,,,,,,,,,,,,,,,,,,,,,,,,,,,,,,,,,,,,,,,,,,,,,,,,,,,,,,,,,,,,,,,,,,,,,,,,,,,,,,,,,,,,,,,,,,,,,,,,,,,,,,,,,,,,,,,,,,,,,,,,,,,,,,,,,,,,,,,,,,,,,,,,,,,,,,,,,,,,,,,,,,,,,,,,,,,,,,,".docx','',19809,'active','moved and local deleted','2025-01-24 04:01:59','383455/projectFile/p454539.tf_E0B773D3-95B3-3B97-D486AE25E886F388.CF_Copy_of_Script_Coinbase_Wallet_-_Getting_Started_v2_en-es-419_.docx',NULL,NULL,'s3','normal',NULL,'pending',NULL,'2025-01-24 04:01:59',0,'directS3',0,''),(8326428,383455,7821614,1,595583,'2025-01-24 04:01:59','CF Copy of [Script] Coinbase Wallet - Getting Started (v2",,,,,,,,,,,,,,,,,,,,,,,
,,,,,,,,,,,,,,,,,,,,,,,,,,,,,,,,,,,,,,,,,,,,,,,,,,,,,,,,,,,,,,,,,,,,,,,,,,,,,,,,,,,,,,,,,,,,,,,,,,,,,,,,,,,,,,,,,,,,,,,,,,,,,,,,,,,,,,,,,,,,,,,,,,,,,,,,,,,,,,,,,,,,,,,,,,,,,,,,,,,,,,,,,,,,,,,,,,,,,,,,,,,,,,,,,,,,,,,,,,,,,,,,,,,,,,,,,,,,,,,,,,,,,,,,,,,,,,,,,,,,,,,,,,,,,,,,,,,,,,,,,,,,,,,,,,,,,,,,,,,,,,,,,,,,,,,,,,,,,,,,,es-419,,,,,,,,,,,,,,,,,,,,,,,
,,,,,,,,,,,,,,,,,,,,,,,,,,,,,,,,,,,,,,,,,,,,,,,,,,,,,,,,,,,,,,,,,,,,,,,,,,,,,,,,,,,,,,,,,,,,,,,,,,,,,,,,,,,,,,,,,,,,,,,,,,,,,,,,,,,,,,,,,,,,,,,,,,,,,,,,,,,,,,,,,,,,,,,,,,,,,,,,,,,,,,,,,,,,,,,,,,,,,,,,,,,,,,,,,,,,,,,,,,,,,,,,,,,,,,,,,,,,,,,,,,,,,,,,,,,,,,,,,,,,,,,,,,,,,,,,,,,,,,,,,,,,,,,,,,,,,,,,,,,,,,,,,,,,,,,,,,,,,,,,,".docx','CF Copy of [Script] Coinbase Wallet - Getting Started (v2",,,,,,,,,,,,,,,,,,,,,,,
,,,,,,,,,,,,,,,,,,,,,,,,,,,,,,,,,,,,,,,,,,,,,,,,,,,,,,,,,,,,,,,,,,,,,,,,,,,,,,,,,,,,,,,,,,,,,,,,,,,,,,,,,,,,,,,,,,,,,,,,,,,,,,,,,,,,,,,,,,,,,,,,,,,,,,,,,,,,,,,,,,,,,,,,,,,,,,,,,,,,,,,,,,,,,,,,,,,,,,,,,,,,,,,,,,,,,,,,,,,,,,,,,,,,,,,,,,,,,,,,,,,,,,,,,,,,,,,,,,,,,,,,,,,,,,,,,,,,,,,,,,,,,,,,,,,,,,,,,,,,,,,,,,,,,,,,,,,,,,,,,es-419,,,,,,,,,,,,,,,,,,,,,,,
,,,,,,,,,,,,,,,,,,,,,,,,,,,,,,,,,,,,,,,,,,,,,,,,,,,,,,,,,,,,,,,,,,,,,,,,,,,,,,,,,,,,,,,,,,,,,,,,,,,,,,,,,,,,,,,,,,,,,,,,,,,,,,,,,,,,,,,,,,,,,,,,,,,,,,,,,,,,,,,,,,,,,,,,,,,,,,,,,,,,,,,,,,,,,,,,,,,,,,,,,,,,,,,,,,,,,,,,,,,,,,,,,,,,,,,,,,,,,,,,,,,,,,,,,,,,,,,,,,,,,,,,,,,,,,,,,,,,,,,,,,,,,,,,,,,,,,,,,,,,,,,,,,,,,,,,,,,,,,,,,".docx','',13678,'active','moved and local deleted','2025-01-24 04:01:59','383455/projectFile/p454539.tf_E0B80D02-C973-6D54-2F92150D9F969719.CF_Copy_of_Script_Coinbase_Wallet_-_Getting_Started_v2_es-419_.docx',NULL,NULL,'s3','normal',NULL,'pending',NULL,'2025-01-24 04:01:59',0,'directS3',0,''),(8326429,383455,7821615,1,595583,'2025-01-24 04:01:59','Authoring-tool-101-spanish-latam(es-419",,,,,,,,,,,,,,,,,,,,,,,
,,,,,,,,,,,,,,,,,,,,,,,,,,,,,,,,,,,,,,,,,,,,,,,,,,,,,,,,,,,,,,,,,,,,,,,,,,,,,,,,,,,,,,,,,,,,,,,,,,,,,,,,,,,,,,,,,,,,,,,,,,,,,,,,,,,,,,,,,,,,,,,,,,,,,,,,,,,,,,,,,,,,,,,,,,,,,,,,,,,,,,,,,,,,,,,,,,,,,,,,,,,,,,,,,,,,,,,,,,,,,,,,,,,,,,,,,,,,,,,,,,,,,,,,,,,,,,,,,,,,,,,,,,,,,,,,,,,,,,,,,,,,,,,,,,,,,,,,,,,,,,,,,,,,,,,,,,,,,,,,,".xliff','Authoring-tool-101-spanish-latam(es-419",,,,,,,,,,,,,,,,,,,,,,,
,,,,,,,,,,,,,,,,,,,,,,,,,,,,,,,,,,,,,,,,,,,,,,,,,,,,,,,,,,,,,,,,,,,,,,,,,,,,,,,,,,,,,,,,,,,,,,,,,,,,,,,,,,,,,,,,,,,,,,,,,,,,,,,,,,,,,,,,,,,,,,,,,,,,,,,,,,,,,,,,,,,,,,,,,,,,,,,,,,,,,,,,,,,,,,,,,,,,,,,,,,,,,,,,,,,,,,,,,,,,,,,,,,,,,,,,,,,,,,,,,,,,,,,,,,,,,,,,,,,,,,,,,,,,,,,,,,,,,,,,,,,,,,,,,,,,,,,,,,,,,,,,,,,,,,,,,,,,,,,,,".xliff','',52030,'active','moved and local deleted','2025-01-24 04:01:59','383455/projectFile/p454539.tf_E0B8B41F-C14D-0148-95AA86A375047570.Authoring-tool-101-spanish-latam_es-419_.xliff',NULL,NULL,'s3','normal',NULL,'pending',NULL,'2025-01-24 04:01:59',0,'directS3',0,''),(8326430,383455,7821616,1,595583,'2025-01-24 04:01:59','Authoring-tool-101-spanish-latam.csv','Authoring-tool-101-spanish-latam.csv','',14266,'active','moved and local deleted','2025-01-24 04:01:59','383455/projectFile/p454539.tf_E0B9387A-92F0-11FB-90502EF579A29308.Authoring-tool-101-spanish-latam.csv',NULL,NULL,'s3','normal',NULL,'pending',NULL,'2025-01-24 04:01:59',0,'directS3',0,''),(8334436,383455,7829364,1,595583,'2025-01-31 05:02:50','Captura de pantalla 2025-01-30 a la(s",,,,,,,,,,,,,,,,,,,,,,,
,,,,,,,,,,,,,,,,,,,,,,,,,,,,,,,,,,,,,,,,,,,,,,,,,,,,,,,,,,,,,,,,,,,,,,,,,,,,,,,,,,,,,,,,,,,,,,,,,,,,,,,,,,,,,,,,,,,,,,,,,,,,,,,,,,,,,,,,,,,,,,,,,,,,,,,,,,,,,,,,,,,,,,,,,,,,,,,,,,,,,,,,,,,,,,,,,,,,,,,,,,,,,,,,,,,,,,,,,,,,,,,,,,,,,,,,,,,,,,,,,,,,,,,,,,,,,,,,,,,,,,,,,,,,,,,,,,,,,,,,,,,,,,,,,,,,,,,,,,,,,,,,,,,,,,,,,,,,,,,,,"11.02.09 p.m..png','Captura de pantalla 2025-01-30 a la(s",,,,,,,,,,,,,,,,,,,,,,,
,,,,,,,,,,,,,,,,,,,,,,,,,,,,,,,,,,,,,,,,,,,,,,,,,,,,,,,,,,,,,,,,,,,,,,,,,,,,,,,,,,,,,,,,,,,,,,,,,,,,,,,,,,,,,,,,,,,,,,,,,,,,,,,,,,,,,,,,,,,,,,,,,,,,,,,,,,,,,,,,,,,,,,,,,,,,,,,,,,,,,,,,,,,,,,,,,,,,,,,,,,,,,,,,,,,,,,,,,,,,,,,,,,,,,,,,,,,,,,,,,,,,,,,,,,,,,,,,,,,,,,,,,,,,,,,,,,,,,,,,,,,,,,,,,,,,,,,,,,,,,,,,,,,,,,,,,,,,,,,,,"11.02.09 p.m..png','',501673,'active','moved and local deleted','2025-01-31 05:02:50','383455/projectFile/p454539.tf_4B671320-0F10-E0A5-8B0F3F9BAE0085F3.Captura_de_pantalla_2025-01-30_a_la_s_11.02.09_p.m..png',NULL,NULL,'s3','normal',NULL,'pending',NULL,'2025-01-31 05:02:50',0,'directS3',0,''),(8334437,383455,7829365,1,595583,'2025-01-31 05:03:30','Captura de pantalla 2025-01-30 a la(s",,,,,,,,,,,,,,,,,,,,,,,
,,,,,,,,,,,,,,,,,,,,,,,,,,,,,,,,,,,,,,,,,,,,,,,,,,,,,,,,,,,,,,,,,,,,,,,,,,,,,,,,,,,,,,,,,,,,,,,,,,,,,,,,,,,,,,,,,,,,,,,,,,,,,,,,,,,,,,,,,,,,,,,,,,,,,,,,,,,,,,,,,,,,,,,,,,,,,,,,,,,,,,,,,,,,,,,,,,,,,,,,,,,,,,,,,,,,,,,,,,,,,,,,,,,,,,,,,,,,,,,,,,,,,,,,,,,,,,,,,,,,,,,,,,,,,,,,,,,,,,,,,,,,,,,,,,,,,,,,,,,,,,,,,,,,,,,,,,,,,,,,,"11.02.18 p.m..png','Captura de pantalla 2025-01-30 a la(s",,,,,,,,,,,,,,,,,,,,,,,
,,,,,,,,,,,,,,,,,,,,,,,,,,,,,,,,,,,,,,,,,,,,,,,,,,,,,,,,,,,,,,,,,,,,,,,,,,,,,,,,,,,,,,,,,,,,,,,,,,,,,,,,,,,,,,,,,,,,,,,,,,,,,,,,,,,,,,,,,,,,,,,,,,,,,,,,,,,,,,,,,,,,,,,,,,,,,,,,,,,,,,,,,,,,,,,,,,,,,,,,,,,,,,,,,,,,,,,,,,,,,,,,,,,,,,,,,,,,,,,,,,,,,,,,,,,,,,,,,,,,,,,,,,,,,,,,,,,,,,,,,,,,,,,,,,,,,,,,,,,,,,,,,,,,,,,,,,,,,,,,,"11.02.18 p.m..png','',355808,'active','moved and local deleted','2025-01-31 05:03:30','383455/projectFile/p454539.tf_4B6D2264-08B2-A51E-7E3A39DD5FBFD7EB.Captura_de_pantalla_2025-01-30_a_la_s_11.02.18_p.m..png',NULL,NULL,'s3','normal',NULL,'pending',NULL,'2025-01-31 05:03:30',0,'directS3',0,''),(8334438,383455,7829366,1,595583,'2025-01-31 05:03:47','Captura de pantalla 2025-01-30 a la(s",,,,,,,,,,,,,,,,,,,,,,,
,,,,,,,,,,,,,,,,,,,,,,,,,,,,,,,,,,,,,,,,,,,,,,,,,,,,,,,,,,,,,,,,,,,,,,,,,,,,,,,,,,,,,,,,,,,,,,,,,,,,,,,,,,,,,,,,,,,,,,,,,,,,,,,,,,,,,,,,,,,,,,,,,,,,,,,,,,,,,,,,,,,,,,,,,,,,,,,,,,,,,,,,,,,,,,,,,,,,,,,,,,,,,,,,,,,,,,,,,,,,,,,,,,,,,,,,,,,,,,,,,,,,,,,,,,,,,,,,,,,,,,,,,,,,,,,,,,,,,,,,,,,,,,,,,,,,,,,,,,,,,,,,,,,,,,,,,,,,,,,,,"11.02.27 p.m..png','Captura de pantalla 2025-01-30 a la(s",,,,,,,,,,,,,,,,,,,,,,,
,,,,,,,,,,,,,,,,,,,,,,,,,,,,,,,,,,,,,,,,,,,,,,,,,,,,,,,,,,,,,,,,,,,,,,,,,,,,,,,,,,,,,,,,,,,,,,,,,,,,,,,,,,,,,,,,,,,,,,,,,,,,,,,,,,,,,,,,,,,,,,,,,,,,,,,,,,,,,,,,,,,,,,,,,,,,,,,,,,,,,,,,,,,,,,,,,,,,,,,,,,,,,,,,,,,,,,,,,,,,,,,,,,,,,,,,,,,,,,,,,,,,,,,,,,,,,,,,,,,,,,,,,,,,,,,,,,,,,,,,,,,,,,,,,,,,,,,,,,,,,,,,,,,,,,,,,,,,,,,,,"11.02.27 p.m..png','',364188,'active','moved and local deleted','2025-01-31 05:03:47','383455/projectFile/p454539.tf_4B6FB023-BFD3-A29C-2D4B75CF2135C01F.Captura_de_pantalla_2025-01-30_a_la_s_11.02.27_p.m..png',NULL,NULL,'s3','normal',NULL,'pending',NULL,'2025-01-31 05:03:47',0,'directS3',0,''),(8334439,383455,7829367,1,595583,'2025-01-31 05:04:12','Captura de pantalla 2025-01-30 a la(s",,,,,,,,,,,,,,,,,,,,,,,
,,,,,,,,,,,,,,,,,,,,,,,,,,,,,,,,,,,,,,,,,,,,,,,,,,,,,,,,,,,,,,,,,,,,,,,,,,,,,,,,,,,,,,,,,,,,,,,,,,,,,,,,,,,,,,,,,,,,,,,,,,,,,,,,,,,,,,,,,,,,,,,,,,,,,,,,,,,,,,,,,,,,,,,,,,,,,,,,,,,,,,,,,,,,,,,,,,,,,,,,,,,,,,,,,,,,,,,,,,,,,,,,,,,,,,,,,,,,,,,,,,,,,,,,,,,,,,,,,,,,,,,,,,,,,,,,,,,,,,,,,,,,,,,,,,,,,,,,,,,,,,,,,,,,,,,,,,,,,,,,,"9.21.49 p.m..png','Captura de pantalla 2025-01-30 a la(s",,,,,,,,,,,,,,,,,,,,,,,
,,,,,,,,,,,,,,,,,,,,,,,,,,,,,,,,,,,,,,,,,,,,,,,,,,,,,,,,,,,,,,,,,,,,,,,,,,,,,,,,,,,,,,,,,,,,,,,,,,,,,,,,,,,,,,,,,,,,,,,,,,,,,,,,,,,,,,,,,,,,,,,,,,,,,,,,,,,,,,,,,,,,,,,,,,,,,,,,,,,,,,,,,,,,,,,,,,,,,,,,,,,,,,,,,,,,,,,,,,,,,,,,,,,,,,,,,,,,,,,,,,,,,,,,,,,,,,,,,,,,,,,,,,,,,,,,,,,,,,,,,,,,,,,,,,,,,,,,,,,,,,,,,,,,,,,,,,,,,,,,,"9.21.49 p.m..png','',359150,'active','moved and local deleted','2025-01-31 05:04:12','383455/projectFile/p454539.tf_4B738D6D-0027-C097-D10D6A6AF7ECF239.Captura_de_pantalla_2025-01-30_a_la_s_9.21.49_p.m..png',NULL,NULL,'s3','normal',NULL,'pending',NULL,'2025-01-31 05:04:12',0,'directS3',0,''),(8334441,383455,7829369,1,595583,'2025-01-31 05:09:03','Captura de pantalla 2025-01-30 a la(s",,,,,,,,,,,,,,,,,,,,,,,
,,,,,,,,,,,,,,,,,,,,,,,,,,,,,,,,,,,,,,,,,,,,,,,,,,,,,,,,,,,,,,,,,,,,,,,,,,,,,,,,,,,,,,,,,,,,,,,,,,,,,,,,,,,,,,,,,,,,,,,,,,,,,,,,,,,,,,,,,,,,,,,,,,,,,,,,,,,,,,,,,,,,,,,,,,,,,,,,,,,,,,,,,,,,,,,,,,,,,,,,,,,,,,,,,,,,,,,,,,,,,,,,,,,,,,,,,,,,,,,,,,,,,,,,,,,,,,,,,,,,,,,,,,,,,,,,,,,,,,,,,,,,,,,,,,,,,,,,,,,,,,,,,,,,,,,,,,,,,,,,,"11.08.16 p.m..png','Captura de pantalla 2025-01-30 a la(s",,,,,,,,,,,,,,,,,,,,,,,
,,,,,,,,,,,,,,,,,,,,,,,,,,,,,,,,,,,,,,,,,,,,,,,,,,,,,,,,,,,,,,,,,,,,,,,,,,,,,,,,,,,,,,,,,,,,,,,,,,,,,,,,,,,,,,,,,,,,,,,,,,,,,,,,,,,,,,,,,,,,,,,,,,,,,,,,,,,,,,,,,,,,,,,,,,,,,,,,,,,,,,,,,,,,,,,,,,,,,,,,,,,,,,,,,,,,,,,,,,,,,,,,,,,,,,,,,,,,,,,,,,,,,,,,,,,,,,,,,,,,,,,,,,,,,,,,,,,,,,,,,,,,,,,,,,,,,,,,,,,,,,,,,,,,,,,,,,,,,,,,,"11.08.16 p.m..png','',523472,'active','moved and local deleted','2025-01-31 05:09:03','383455/projectFile/p454539.tf_4B9FCD3A-DC75-72D1-A3DF6938247843E2.Captura_de_pantalla_2025-01-30_a_la_s_11.08.16_p.m..png',NULL,NULL,'s3','normal',NULL,'pending',NULL,'2025-01-31 05:09:03',0,'directS3',0,''),(8334442,383455,7829370,1,595583,'2025-01-31 05:15:18','Captura de pantalla 2025-01-30 a la(s",,,,,,,,,,,,,,,,,,,,,,,
,,,,,,,,,,,,,,,,,,,,,,,,,,,,,,,,,,,,,,,,,,,,,,,,,,,,,,,,,,,,,,,,,,,,,,,,,,,,,,,,,,,,,,,,,,,,,,,,,,,,,,,,,,,,,,,,,,,,,,,,,,,,,,,,,,,,,,,,,,,,,,,,,,,,,,,,,,,,,,,,,,,,,,,,,,,,,,,,,,,,,,,,,,,,,,,,,,,,,,,,,,,,,,,,,,,,,,,,,,,,,,,,,,,,,,,,,,,,,,,,,,,,,,,,,,,,,,,,,,,,,,,,,,,,,,,,,,,,,,,,,,,,,,,,,,,,,,,,,,,,,,,,,,,,,,,,,,,,,,,,,"11.12.12 p.m..png','Captura de pantalla 2025-01-30 a la(s",,,,,,,,,,,,,,,,,,,,,,,
,,,,,,,,,,,,,,,,,,,,,,,,,,,,,,,,,,,,,,,,,,,,,,,,,,,,,,,,,,,,,,,,,,,,,,,,,,,,,,,,,,,,,,,,,,,,,,,,,,,,,,,,,,,,,,,,,,,,,,,,,,,,,,,,,,,,,,,,,,,,,,,,,,,,,,,,,,,,,,,,,,,,,,,,,,,,,,,,,,,,,,,,,,,,,,,,,,,,,,,,,,,,,,,,,,,,,,,,,,,,,,,,,,,,,,,,,,,,,,,,,,,,,,,,,,,,,,,,,,,,,,,,,,,,,,,,,,,,,,,,,,,,,,,,,,,,,,,,,,,,,,,,,,,,,,,,,,,,,,,,,"11.12.12 p.m..png','',460367,'active','moved and local deleted','2025-01-31 05:15:18','383455/projectFile/p454539.tf_4BD90C80-A3CD-8A65-4A10A96A18B63E97.Captura_de_pantalla_2025-01-30_a_la_s_11.12.12_p.m..png',NULL,NULL,'s3','normal',NULL,'pending',NULL,'2025-01-31 05:15:18',0,'directS3',0,''),(8334443,383455,7829371,1,595583,'2025-01-31 05:15:27','Captura de pantalla 2025-01-30 a la(s",,,,,,,,,,,,,,,,,,,,,,,
,,,,,,,,,,,,,,,,,,,,,,,,,,,,,,,,,,,,,,,,,,,,,,,,,,,,,,,,,,,,,,,,,,,,,,,,,,,,,,,,,,,,,,,,,,,,,,,,,,,,,,,,,,,,,,,,,,,,,,,,,,,,,,,,,,,,,,,,,,,,,,,,,,,,,,,,,,,,,,,,,,,,,,,,,,,,,,,,,,,,,,,,,,,,,,,,,,,,,,,,,,,,,,,,,,,,,,,,,,,,,,,,,,,,,,,,,,,,,,,,,,,,,,,,,,,,,,,,,,,,,,,,,,,,,,,,,,,,,,,,,,,,,,,,,,,,,,,,,,,,,,,,,,,,,,,,,,,,,,,,,"11.13.04 p.m..png','Captura de pantalla 2025-01-30 a la(s",,,,,,,,,,,,,,,,,,,,,,,
,,,,,,,,,,,,,,,,,,,,,,,,,,,,,,,,,,,,,,,,,,,,,,,,,,,,,,,,,,,,,,,,,,,,,,,,,,,,,,,,,,,,,,,,,,,,,,,,,,,,,,,,,,,,,,,,,,,,,,,,,,,,,,,,,,,,,,,,,,,,,,,,,,,,,,,,,,,,,,,,,,,,,,,,,,,,,,,,,,,,,,,,,,,,,,,,,,,,,,,,,,,,,,,,,,,,,,,,,,,,,,,,,,,,,,,,,,,,,,,,,,,,,,,,,,,,,,,,,,,,,,,,,,,,,,,,,,,,,,,,,,,,,,,,,,,,,,,,,,,,,,,,,,,,,,,,,,,,,,,,,"11.13.04 p.m..png','',419940,'active','moved and local deleted','2025-01-31 05:15:27','383455/projectFile/p454539.tf_4BDA7BB0-F964-CA1F-CCC226E1452E8510.Captura_de_pantalla_2025-01-30_a_la_s_11.13.04_p.m..png',NULL,NULL,'s3','normal',NULL,'pending',NULL,'2025-01-31 05:15:27',0,'directS3',0,''),(8334444,383455,7829372,1,595583,'2025-01-31 05:15:52','Captura de pantalla 2025-01-30 a la(s",,,,,,,,,,,,,,,,,,,,,,,
,,,,,,,,,,,,,,,,,,,,,,,,,,,,,,,,,,,,,,,,,,,,,,,,,,,,,,,,,,,,,,,,,,,,,,,,,,,,,,,,,,,,,,,,,,,,,,,,,,,,,,,,,,,,,,,,,,,,,,,,,,,,,,,,,,,,,,,,,,,,,,,,,,,,,,,,,,,,,,,,,,,,,,,,,,,,,,,,,,,,,,,,,,,,,,,,,,,,,,,,,,,,,,,,,,,,,,,,,,,,,,,,,,,,,,,,,,,,,,,,,,,,,,,,,,,,,,,,,,,,,,,,,,,,,,,,,,,,,,,,,,,,,,,,,,,,,,,,,,,,,,,,,,,,,,,,,,,,,,,,,"11.14.29 p.m..png','Captura de pantalla 2025-01-30 a la(s",,,,,,,,,,,,,,,,,,,,,,,
,,,,,,,,,,,,,,,,,,,,,,,,,,,,,,,,,,,,,,,,,,,,,,,,,,,,,,,,,,,,,,,,,,,,,,,,,,,,,,,,,,,,,,,,,,,,,,,,,,,,,,,,,,,,,,,,,,,,,,,,,,,,,,,,,,,,,,,,,,,,,,,,,,,,,,,,,,,,,,,,,,,,,,,,,,,,,,,,,,,,,,,,,,,,,,,,,,,,,,,,,,,,,,,,,,,,,,,,,,,,,,,,,,,,,,,,,,,,,,,,,,,,,,,,,,,,,,,,,,,,,,,,,,,,,,,,,,,,,,,,,,,,,,,,,,,,,,,,,,,,,,,,,,,,,,,,,,,,,,,,,"11.14.29 p.m..png','',438888,'active','moved and local deleted','2025-01-31 05:15:52','383455/projectFile/p454539.tf_4BDE4DE2-C7C0-25A2-483956C270F80C05.Captura_de_pantalla_2025-01-30_a_la_s_11.14.29_p.m..png',NULL,NULL,'s3','normal',NULL,'pending',NULL,'2025-01-31 05:15:52',0,'directS3',0,''),(8334445,383455,7829373,1,595583,'2025-01-31 05:15:58','Captura de pantalla 2025-01-30 a la(s",,,,,,,,,,,,,,,,,,,,,,,
,,,,,,,,,,,,,,,,,,,,,,,,,,,,,,,,,,,,,,,,,,,,,,,,,,,,,,,,,,,,,,,,,,,,,,,,,,,,,,,,,,,,,,,,,,,,,,,,,,,,,,,,,,,,,,,,,,,,,,,,,,,,,,,,,,,,,,,,,,,,,,,,,,,,,,,,,,,,,,,,,,,,,,,,,,,,,,,,,,,,,,,,,,,,,,,,,,,,,,,,,,,,,,,,,,,,,,,,,,,,,,,,,,,,,,,,,,,,,,,,,,,,,,,,,,,,,,,,,,,,,,,,,,,,,,,,,,,,,,,,,,,,,,,,,,,,,,,,,,,,,,,,,,,,,,,,,,,,,,,,,"11.14.41 p.m..png','Captura de pantalla 2025-01-30 a la(s",,,,,,,,,,,,,,,,,,,,,,,
,,,,,,,,,,,,,,,,,,,,,,,,,,,,,,,,,,,,,,,,,,,,,,,,,,,,,,,,,,,,,,,,,,,,,,,,,,,,,,,,,,,,,,,,,,,,,,,,,,,,,,,,,,,,,,,,,,,,,,,,,,,,,,,,,,,,,,,,,,,,,,,,,,,,,,,,,,,,,,,,,,,,,,,,,,,,,,,,,,,,,,,,,,,,,,,,,,,,,,,,,,,,,,,,,,,,,,,,,,,,,,,,,,,,,,,,,,,,,,,,,,,,,,,,,,,,,,,,,,,,,,,,,,,,,,,,,,,,,,,,,,,,,,,,,,,,,,,,,,,,,,,,,,,,,,,,,,,,,,,,,"11.14.41 p.m..png','',410465,'active','moved and local deleted','2025-01-31 05:15:58','383455/projectFile/p454539.tf_4BDF4497-BEB2-E115-1DB2858D95D2BA21.Captura_de_pantalla_2025-01-30_a_la_s_11.14.41_p.m..png',NULL,NULL,'s3','normal',NULL,'pending',NULL,'2025-01-31 05:15:58',0,'directS3',0,''),(8334456,383455,7829384,1,595583,'2025-01-31 06:18:48','aligned_EN_AlignmentProject-ES_AlignmentProject.txt','aligned_EN_AlignmentProject-ES_AlignmentProject.txt','',11533,'active','moved and local deleted','2025-01-31 06:18:48','383455/projectFile/p454539.tf_4E174FB1-921F-7563-B524EEAD0950C25A.aligned_EN_AlignmentProject-ES_AlignmentProject.txt',NULL,NULL,'s3','normal',NULL,'pending',NULL,'2025-01-31 06:18:48',0,'directS3',0,''),(8334457,383455,7829385,1,595583,'2025-01-31 06:18:48','EN_AlignmentProject-ES_AlignmentProject.tmx','EN_AlignmentProject-ES_AlignmentProject.tmx','',17999,'active','moved and local deleted','2025-01-31 06:18:48','383455/projectFile/p454539.tf_4E1756B0-CE99-02DD-4221FB999BA72FFD.EN_AlignmentProject-ES_AlignmentProject.tmx',NULL,NULL,'s3','normal',NULL,'pending',NULL,'2025-01-31 06:18:48',0,'directS3',0,''),(8334458,383455,7829386,1,595583,'2025-01-31 06:18:48','EN_AlignmentProject-ES_AlignmentProject.xls','EN_AlignmentProject-ES_AlignmentProject.xls','',29184,'active','moved and local deleted','2025-01-31 06:18:48','383455/projectFile/p454539.tf_4E175D88-01F6-D830-759C2C381D7E0CBE.EN_AlignmentProject-ES_AlignmentProject.xls',NULL,NULL,'s3','normal',NULL,'pending',NULL,'2025-01-31 06:18:48',0,'directS3',0,''),(8334459,383455,7829387,1,595583,'2025-01-31 06:18:48','EN_AlignmentProject.txt','EN_AlignmentProject.txt','',4629,'active','moved and local deleted','2025-01-31 06:18:48','383455/projectFile/p454539.tf_4E176481-A6F9-FC88-739851B272092D1C.EN_AlignmentProject.txt',NULL,NULL,'s3','normal',NULL,'pending',NULL,'2025-01-31 06:18:48',0,'directS3',0,''),(8334460,383455,7829388,1,595583,'2025-01-31 06:18:48','ES_AlignmentProject.txt','ES_AlignmentProject.txt','',5420,'active','moved and local deleted','2025-01-31 06:18:48','383455/projectFile/p454539.tf_4E176B62-B7D9-BBDB-2DC3F1027DBF0A04.ES_AlignmentProject.txt',NULL,NULL,'s3','normal',NULL,'pending',NULL,'2025-01-31 06:18:48',0,'directS3',0,''),(8337824,383455,7832557,1,595583,'2025-02-03 23:21:21','Captura de pantalla 2025-02-03 a la(s",,,,,,,,,,,,,,,,,,,,,,,
,,,,,,,,,,,,,,,,,,,,,,,,,,,,,,,,,,,,,,,,,,,,,,,,,,,,,,,,,,,,,,,,,,,,,,,,,,,,,,,,,,,,,,,,,,,,,,,,,,,,,,,,,,,,,,,,,,,,,,,,,,,,,,,,,,,,,,,,,,,,,,,,,,,,,,,,,,,,,,,,,,,,,,,,,,,,,,,,,,,,,,,,,,,,,,,,,,,,,,,,,,,,,,,,,,,,,,,,,,,,,,,,,,,,,,,,,,,,,,,,,,,,,,,,,,,,,,,,,,,,,,,,,,,,,,,,,,,,,,,,,,,,,,,,,,,,,,,,,,,,,,,,,,,,,,,,,,,,,,,,,"5.10.38 p.m..png','Captura de pantalla 2025-02-03 a la(s",,,,,,,,,,,,,,,,,,,,,,,
,,,,,,,,,,,,,,,,,,,,,,,,,,,,,,,,,,,,,,,,,,,,,,,,,,,,,,,,,,,,,,,,,,,,,,,,,,,,,,,,,,,,,,,,,,,,,,,,,,,,,,,,,,,,,,,,,,,,,,,,,,,,,,,,,,,,,,,,,,,,,,,,,,,,,,,,,,,,,,,,,,,,,,,,,,,,,,,,,,,,,,,,,,,,,,,,,,,,,,,,,,,,,,,,,,,,,,,,,,,,,,,,,,,,,,,,,,,,,,,,,,,,,,,,,,,,,,,,,,,,,,,,,,,,,,,,,,,,,,,,,,,,,,,,,,,,,,,,,,,,,,,,,,,,,,,,,,,,,,,,,"5.10.38 p.m..png','',287377,'active','moved and local deleted','2025-02-03 23:21:21','383455/projectFile/p454539.tf_0D2F0A31-EBDC-F7CB-2922A7B054E3548F.Captura_de_pantalla_2025-02-03_a_la_s_5.10.38_p.m..png',NULL,NULL,'s3','normal',NULL,'pending',NULL,'2025-02-03 23:21:21',0,'directS3',0,''),(8337825,383455,7832558,1,595583,'2025-02-03 23:21:21','Captura de pantalla 2025-02-03 a la(s",,,,,,,,,,,,,,,,,,,,,,,
,,,,,,,,,,,,,,,,,,,,,,,,,,,,,,,,,,,,,,,,,,,,,,,,,,,,,,,,,,,,,,,,,,,,,,,,,,,,,,,,,,,,,,,,,,,,,,,,,,,,,,,,,,,,,,,,,,,,,,,,,,,,,,,,,,,,,,,,,,,,,,,,,,,,,,,,,,,,,,,,,,,,,,,,,,,,,,,,,,,,,,,,,,,,,,,,,,,,,,,,,,,,,,,,,,,,,,,,,,,,,,,,,,,,,,,,,,,,,,,,,,,,,,,,,,,,,,,,,,,,,,,,,,,,,,,,,,,,,,,,,,,,,,,,,,,,,,,,,,,,,,,,,,,,,,,,,,,,,,,,,"5.10.29 p.m..png','Captura de pantalla 2025-02-03 a la(s",,,,,,,,,,,,,,,,,,,,,,,
,,,,,,,,,,,,,,,,,,,,,,,,,,,,,,,,,,,,,,,,,,,,,,,,,,,,,,,,,,,,,,,,,,,,,,,,,,,,,,,,,,,,,,,,,,,,,,,,,,,,,,,,,,,,,,,,,,,,,,,,,,,,,,,,,,,,,,,,,,,,,,,,,,,,,,,,,,,,,,,,,,,,,,,,,,,,,,,,,,,,,,,,,,,,,,,,,,,,,,,,,,,,,,,,,,,,,,,,,,,,,,,,,,,,,,,,,,,,,,,,,,,,,,,,,,,,,,,,,,,,,,,,,,,,,,,,,,,,,,,,,,,,,,,,,,,,,,,,,,,,,,,,,,,,,,,,,,,,,,,,,"5.10.29 p.m..png','',287073,'active','moved and local deleted','2025-02-03 23:21:21','383455/projectFile/p454539.tf_0D2F10C9-F1C6-F25D-41429F0C8A0CBAC6.Captura_de_pantalla_2025-02-03_a_la_s_5.10.29_p.m..png',NULL,NULL,'s3','normal',NULL,'pending',NULL,'2025-02-03 23:21:21',0,'directS3',0,''),(8337826,383455,7832559,1,595583,'2025-02-03 23:21:22','Captura de pantalla 2025-02-03 a la(s",,,,,,,,,,,,,,,,,,,,,,,
,,,,,,,,,,,,,,,,,,,,,,,,,,,,,,,,,,,,,,,,,,,,,,,,,,,,,,,,,,,,,,,,,,,,,,,,,,,,,,,,,,,,,,,,,,,,,,,,,,,,,,,,,,,,,,,,,,,,,,,,,,,,,,,,,,,,,,,,,,,,,,,,,,,,,,,,,,,,,,,,,,,,,,,,,,,,,,,,,,,,,,,,,,,,,,,,,,,,,,,,,,,,,,,,,,,,,,,,,,,,,,,,,,,,,,,,,,,,,,,,,,,,,,,,,,,,,,,,,,,,,,,,,,,,,,,,,,,,,,,,,,,,,,,,,,,,,,,,,,,,,,,,,,,,,,,,,,,,,,,,,"5.10.47 p.m..png','Captura de pantalla 2025-02-03 a la(s",,,,,,,,,,,,,,,,,,,,,,,
,,,,,,,,,,,,,,,,,,,,,,,,,,,,,,,,,,,,,,,,,,,,,,,,,,,,,,,,,,,,,,,,,,,,,,,,,,,,,,,,,,,,,,,,,,,,,,,,,,,,,,,,,,,,,,,,,,,,,,,,,,,,,,,,,,,,,,,,,,,,,,,,,,,,,,,,,,,,,,,,,,,,,,,,,,,,,,,,,,,,,,,,,,,,,,,,,,,,,,,,,,,,,,,,,,,,,,,,,,,,,,,,,,,,,,,,,,,,,,,,,,,,,,,,,,,,,,,,,,,,,,,,,,,,,,,,,,,,,,,,,,,,,,,,,,,,,,,,,,,,,,,,,,,,,,,,,,,,,,,,,"5.10.47 p.m..png','',295856,'active','moved and local deleted','2025-02-03 23:21:22','383455/projectFile/p454539.tf_0D2F038E-E244-988A-F4CA02CF9FEE2D8B.Captura_de_pantalla_2025-02-03_a_la_s_5.10.47_p.m..png',NULL,NULL,'s3','normal',NULL,'pending',NULL,'2025-02-03 23:21:22',0,'directS3',0,''),(8337827,383455,7832560,1,595583,'2025-02-03 23:21:22','Captura de pantalla 2025-02-03 a la(s",,,,,,,,,,,,,,,,,,,,,,,
,,,,,,,,,,,,,,,,,,,,,,,,,,,,,,,,,,,,,,,,,,,,,,,,,,,,,,,,,,,,,,,,,,,,,,,,,,,,,,,,,,,,,,,,,,,,,,,,,,,,,,,,,,,,,,,,,,,,,,,,,,,,,,,,,,,,,,,,,,,,,,,,,,,,,,,,,,,,,,,,,,,,,,,,,,,,,,,,,,,,,,,,,,,,,,,,,,,,,,,,,,,,,,,,,,,,,,,,,,,,,,,,,,,,,,,,,,,,,,,,,,,,,,,,,,,,,,,,,,,,,,,,,,,,,,,,,,,,,,,,,,,,,,,,,,,,,,,,,,,,,,,,,,,,,,,,,,,,,,,,,"5.10.13 p.m..png','Captura de pantalla 2025-02-03 a la(s",,,,,,,,,,,,,,,,,,,,,,,
,,,,,,,,,,,,,,,,,,,,,,,,,,,,,,,,,,,,,,,,,,,,,,,,,,,,,,,,,,,,,,,,,,,,,,,,,,,,,,,,,,,,,,,,,,,,,,,,,,,,,,,,,,,,,,,,,,,,,,,,,,,,,,,,,,,,,,,,,,,,,,,,,,,,,,,,,,,,,,,,,,,,,,,,,,,,,,,,,,,,,,,,,,,,,,,,,,,,,,,,,,,,,,,,,,,,,,,,,,,,,,,,,,,,,,,,,,,,,,,,,,,,,,,,,,,,,,,,,,,,,,,,,,,,,,,,,,,,,,,,,,,,,,,,,,,,,,,,,,,,,,,,,,,,,,,,,,,,,,,,,"5.10.13 p.m..png','',310187,'active','moved and local deleted','2025-02-03 23:21:22','383455/projectFile/p454539.tf_0D2F176D-C536-4DAD-C70540E7EBAE18B6.Captura_de_pantalla_2025-02-03_a_la_s_5.10.13_p.m..png',NULL,NULL,'s3','normal',NULL,'pending',NULL,'2025-02-03 23:21:22',0,'directS3',0,''),(8337887,383455,7832619,1,595583,'2025-02-03 23:22:07','Captura de pantalla 2025-02-03 a la(s",,,,,,,,,,,,,,,,,,,,,,,
,,,,,,,,,,,,,,,,,,,,,,,,,,,,,,,,,,,,,,,,,,,,,,,,,,,,,,,,,,,,,,,,,,,,,,,,,,,,,,,,,,,,,,,,,,,,,,,,,,,,,,,,,,,,,,,,,,,,,,,,,,,,,,,,,,,,,,,,,,,,,,,,,,,,,,,,,,,,,,,,,,,,,,,,,,,,,,,,,,,,,,,,,,,,,,,,,,,,,,,,,,,,,,,,,,,,,,,,,,,,,,,,,,,,,,,,,,,,,,,,,,,,,,,,,,,,,,,,,,,,,,,,,,,,,,,,,,,,,,,,,,,,,,,,,,,,,,,,,,,,,,,,,,,,,,,,,,,,,,,,,"5.10.13 p.m..png','Captura de pantalla 2025-02-03 a la(s",,,,,,,,,,,,,,,,,,,,,,,
,,,,,,,,,,,,,,,,,,,,,,,,,,,,,,,,,,,,,,,,,,,,,,,,,,,,,,,,,,,,,,,,,,,,,,,,,,,,,,,,,,,,,,,,,,,,,,,,,,,,,,,,,,,,,,,,,,,,,,,,,,,,,,,,,,,,,,,,,,,,,,,,,,,,,,,,,,,,,,,,,,,,,,,,,,,,,,,,,,,,,,,,,,,,,,,,,,,,,,,,,,,,,,,,,,,,,,,,,,,,,,,,,,,,,,,,,,,,,,,,,,,,,,,,,,,,,,,,,,,,,,,,,,,,,,,,,,,,,,,,,,,,,,,,,,,,,,,,,,,,,,,,,,,,,,,,,,,,,,,,,"5.10.13 p.m..png','',310187,'active','moved and local deleted','2025-02-03 23:22:07','383455/projectFile/p454539.tf_0D3618AD-B063-59DD-9F0EE2670AFE59E7.Captura_de_pantalla_2025-02-03_a_la_s_5.10.13_p.m..png',NULL,NULL,'s3','normal',NULL,'pending',NULL,'2025-02-03 23:22:07',0,'directS3',0,''),(8337889,383455,7832621,1,595583,'2025-02-03 23:22:22','Captura de pantalla 2025-02-03 a la(s",,,,,,,,,,,,,,,,,,,,,,,
,,,,,,,,,,,,,,,,,,,,,,,,,,,,,,,,,,,,,,,,,,,,,,,,,,,,,,,,,,,,,,,,,,,,,,,,,,,,,,,,,,,,,,,,,,,,,,,,,,,,,,,,,,,,,,,,,,,,,,,,,,,,,,,,,,,,,,,,,,,,,,,,,,,,,,,,,,,,,,,,,,,,,,,,,,,,,,,,,,,,,,,,,,,,,,,,,,,,,,,,,,,,,,,,,,,,,,,,,,,,,,,,,,,,,,,,,,,,,,,,,,,,,,,,,,,,,,,,,,,,,,,,,,,,,,,,,,,,,,,,,,,,,,,,,,,,,,,,,,,,,,,,,,,,,,,,,,,,,,,,,"5.10.29 p.m..png','Captura de pantalla 2025-02-03 a la(s",,,,,,,,,,,,,,,,,,,,,,,
,,,,,,,,,,,,,,,,,,,,,,,,,,,,,,,,,,,,,,,,,,,,,,,,,,,,,,,,,,,,,,,,,,,,,,,,,,,,,,,,,,,,,,,,,,,,,,,,,,,,,,,,,,,,,,,,,,,,,,,,,,,,,,,,,,,,,,,,,,,,,,,,,,,,,,,,,,,,,,,,,,,,,,,,,,,,,,,,,,,,,,,,,,,,,,,,,,,,,,,,,,,,,,,,,,,,,,,,,,,,,,,,,,,,,,,,,,,,,,,,,,,,,,,,,,,,,,,,,,,,,,,,,,,,,,,,,,,,,,,,,,,,,,,,,,,,,,,,,,,,,,,,,,,,,,,,,,,,,,,,,"5.10.29 p.m..png','',287073,'active','moved and local deleted','2025-02-03 23:22:22','383455/projectFile/p454539.tf_0D385C7D-C64D-4E59-622283A23CE6DDCC.Captura_de_pantalla_2025-02-03_a_la_s_5.10.29_p.m..png',NULL,NULL,'s3','normal',NULL,'pending',NULL,'2025-02-03 23:22:22',0,'directS3',0,''),(8337890,383455,7832622,1,595583,'2025-02-03 23:22:30','Captura de pantalla 2025-02-03 a la(s",,,,,,,,,,,,,,,,,,,,,,,
,,,,,,,,,,,,,,,,,,,,,,,,,,,,,,,,,,,,,,,,,,,,,,,,,,,,,,,,,,,,,,,,,,,,,,,,,,,,,,,,,,,,,,,,,,,,,,,,,,,,,,,,,,,,,,,,,,,,,,,,,,,,,,,,,,,,,,,,,,,,,,,,,,,,,,,,,,,,,,,,,,,,,,,,,,,,,,,,,,,,,,,,,,,,,,,,,,,,,,,,,,,,,,,,,,,,,,,,,,,,,,,,,,,,,,,,,,,,,,,,,,,,,,,,,,,,,,,,,,,,,,,,,,,,,,,,,,,,,,,,,,,,,,,,,,,,,,,,,,,,,,,,,,,,,,,,,,,,,,,,,"5.10.38 p.m..png','Captura de pantalla 2025-02-03 a la(s",,,,,,,,,,,,,,,,,,,,,,,
,,,,,,,,,,,,,,,,,,,,,,,,,,,,,,,,,,,,,,,,,,,,,,,,,,,,,,,,,,,,,,,,,,,,,,,,,,,,,,,,,,,,,,,,,,,,,,,,,,,,,,,,,,,,,,,,,,,,,,,,,,,,,,,,,,,,,,,,,,,,,,,,,,,,,,,,,,,,,,,,,,,,,,,,,,,,,,,,,,,,,,,,,,,,,,,,,,,,,,,,,,,,,,,,,,,,,,,,,,,,,,,,,,,,,,,,,,,,,,,,,,,,,,,,,,,,,,,,,,,,,,,,,,,,,,,,,,,,,,,,,,,,,,,,,,,,,,,,,,,,,,,,,,,,,,,,,,,,,,,,,"5.10.38 p.m..png','',287377,'active','moved and local deleted','2025-02-03 23:22:30','383455/projectFile/p454539.tf_0D399C09-93B4-7B05-7883AB8DECAC3816.Captura_de_pantalla_2025-02-03_a_la_s_5.10.38_p.m..png',NULL,NULL,'s3','normal',NULL,'pending',NULL,'2025-02-03 23:22:30',0,'directS3',0,''),(8337891,383455,7832623,1,595583,'2025-02-03 23:22:37','Captura de pantalla 2025-02-03 a la(s",,,,,,,,,,,,,,,,,,,,,,,
,,,,,,,,,,,,,,,,,,,,,,,,,,,,,,,,,,,,,,,,,,,,,,,,,,,,,,,,,,,,,,,,,,,,,,,,,,,,,,,,,,,,,,,,,,,,,,,,,,,,,,,,,,,,,,,,,,,,,,,,,,,,,,,,,,,,,,,,,,,,,,,,,,,,,,,,,,,,,,,,,,,,,,,,,,,,,,,,,,,,,,,,,,,,,,,,,,,,,,,,,,,,,,,,,,,,,,,,,,,,,,,,,,,,,,,,,,,,,,,,,,,,,,,,,,,,,,,,,,,,,,,,,,,,,,,,,,,,,,,,,,,,,,,,,,,,,,,,,,,,,,,,,,,,,,,,,,,,,,,,,"5.10.47 p.m..png','Captura de pantalla 2025-02-03 a la(s",,,,,,,,,,,,,,,,,,,,,,,
,,,,,,,,,,,,,,,,,,,,,,,,,,,,,,,,,,,,,,,,,,,,,,,,,,,,,,,,,,,,,,,,,,,,,,,,,,,,,,,,,,,,,,,,,,,,,,,,,,,,,,,,,,,,,,,,,,,,,,,,,,,,,,,,,,,,,,,,,,,,,,,,,,,,,,,,,,,,,,,,,,,,,,,,,,,,,,,,,,,,,,,,,,,,,,,,,,,,,,,,,,,,,,,,,,,,,,,,,,,,,,,,,,,,,,,,,,,,,,,,,,,,,,,,,,,,,,,,,,,,,,,,,,,,,,,,,,,,,,,,,,,,,,,,,,,,,,,,,,,,,,,,,,,,,,,,,,,,,,,,,"5.10.47 p.m..png','',295856,'active','moved and local deleted','2025-02-03 23:22:37','383455/projectFile/p454539.tf_0D3ABD17-02CE-8F74-563DFC4283E5E9AA.Captura_de_pantalla_2025-02-03_a_la_s_5.10.47_p.m..png',NULL,NULL,'s3','normal',NULL,'pending',NULL,'2025-02-03 23:22:37',0,'directS3',0,''),(8337892,383455,7832624,1,595583,'2025-02-03 23:27:57','Captura de pantalla 2025-02-03 a la(s",,,,,,,,,,,,,,,,,,,,,,,
,,,,,,,,,,,,,,,,,,,,,,,,,,,,,,,,,,,,,,,,,,,,,,,,,,,,,,,,,,,,,,,,,,,,,,,,,,,,,,,,,,,,,,,,,,,,,,,,,,,,,,,,,,,,,,,,,,,,,,,,,,,,,,,,,,,,,,,,,,,,,,,,,,,,,,,,,,,,,,,,,,,,,,,,,,,,,,,,,,,,,,,,,,,,,,,,,,,,,,,,,,,,,,,,,,,,,,,,,,,,,,,,,,,,,,,,,,,,,,,,,,,,,,,,,,,,,,,,,,,,,,,,,,,,,,,,,,,,,,,,,,,,,,,,,,,,,,,,,,,,,,,,,,,,,,,,,,,,,,,,,"5.27.29 p.m..png','Captura de pantalla 2025-02-03 a la(s",,,,,,,,,,,,,,,,,,,,,,,
,,,,,,,,,,,,,,,,,,,,,,,,,,,,,,,,,,,,,,,,,,,,,,,,,,,,,,,,,,,,,,,,,,,,,,,,,,,,,,,,,,,,,,,,,,,,,,,,,,,,,,,,,,,,,,,,,,,,,,,,,,,,,,,,,,,,,,,,,,,,,,,,,,,,,,,,,,,,,,,,,,,,,,,,,,,,,,,,,,,,,,,,,,,,,,,,,,,,,,,,,,,,,,,,,,,,,,,,,,,,,,,,,,,,,,,,,,,,,,,,,,,,,,,,,,,,,,,,,,,,,,,,,,,,,,,,,,,,,,,,,,,,,,,,,,,,,,,,,,,,,,,,,,,,,,,,,,,,,,,,,"5.27.29 p.m..png','',289304,'active','moved and local deleted','2025-02-03 23:27:57','383455/projectFile/p454539.tf_0D6B80A2-D955-61B1-A77DDDA0AEF9C69C.Captura_de_pantalla_2025-02-03_a_la_s_5.27.29_p.m..png',NULL,NULL,'s3','normal',NULL,'pending',NULL,'2025-02-03 23:27:57',0,'directS3',0,''),(8337893,383455,7832625,1,595583,'2025-02-03 23:28:03','Captura de pantalla 2025-02-03 a la(s",,,,,,,,,,,,,,,,,,,,,,,
,,,,,,,,,,,,,,,,,,,,,,,,,,,,,,,,,,,,,,,,,,,,,,,,,,,,,,,,,,,,,,,,,,,,,,,,,,,,,,,,,,,,,,,,,,,,,,,,,,,,,,,,,,,,,,,,,,,,,,,,,,,,,,,,,,,,,,,,,,,,,,,,,,,,,,,,,,,,,,,,,,,,,,,,,,,,,,,,,,,,,,,,,,,,,,,,,,,,,,,,,,,,,,,,,,,,,,,,,,,,,,,,,,,,,,,,,,,,,,,,,,,,,,,,,,,,,,,,,,,,,,,,,,,,,,,,,,,,,,,,,,,,,,,,,,,,,,,,,,,,,,,,,,,,,,,,,,,,,,,,,"5.27.29 p.m..png','Captura de pantalla 2025-02-03 a la(s",,,,,,,,,,,,,,,,,,,,,,,
,,,,,,,,,,,,,,,,,,,,,,,,,,,,,,,,,,,,,,,,,,,,,,,,,,,,,,,,,,,,,,,,,,,,,,,,,,,,,,,,,,,,,,,,,,,,,,,,,,,,,,,,,,,,,,,,,,,,,,,,,,,,,,,,,,,,,,,,,,,,,,,,,,,,,,,,,,,,,,,,,,,,,,,,,,,,,,,,,,,,,,,,,,,,,,,,,,,,,,,,,,,,,,,,,,,,,,,,,,,,,,,,,,,,,,,,,,,,,,,,,,,,,,,,,,,,,,,,,,,,,,,,,,,,,,,,,,,,,,,,,,,,,,,,,,,,,,,,,,,,,,,,,,,,,,,,,,,,,,,,,"5.27.29 p.m..png','',289304,'active','moved and local deleted','2025-02-03 23:28:03','383455/projectFile/p454539.tf_0D6C66E4-FB96-122D-F06271FF89F660BD.Captura_de_pantalla_2025-02-03_a_la_s_5.27.29_p.m..png',NULL,NULL,'s3','normal',NULL,'pending',NULL,'2025-02-03 23:28:03',0,'directS3',0,''),(8337895,383455,7832627,1,595583,'2025-02-03 23:32:01','Captura de pantalla 2025-02-03 a la(s",,,,,,,,,,,,,,,,,,,,,,,
,,,,,,,,,,,,,,,,,,,,,,,,,,,,,,,,,,,,,,,,,,,,,,,,,,,,,,,,,,,,,,,,,,,,,,,,,,,,,,,,,,,,,,,,,,,,,,,,,,,,,,,,,,,,,,,,,,,,,,,,,,,,,,,,,,,,,,,,,,,,,,,,,,,,,,,,,,,,,,,,,,,,,,,,,,,,,,,,,,,,,,,,,,,,,,,,,,,,,,,,,,,,,,,,,,,,,,,,,,,,,,,,,,,,,,,,,,,,,,,,,,,,,,,,,,,,,,,,,,,,,,,,,,,,,,,,,,,,,,,,,,,,,,,,,,,,,,,,,,,,,,,,,,,,,,,,,,,,,,,,,"5.31.55 p.m..png','Captura de pantalla 2025-02-03 a la(s",,,,,,,,,,,,,,,,,,,,,,,
,,,,,,,,,,,,,,,,,,,,,,,,,,,,,,,,,,,,,,,,,,,,,,,,,,,,,,,,,,,,,,,,,,,,,,,,,,,,,,,,,,,,,,,,,,,,,,,,,,,,,,,,,,,,,,,,,,,,,,,,,,,,,,,,,,,,,,,,,,,,,,,,,,,,,,,,,,,,,,,,,,,,,,,,,,,,,,,,,,,,,,,,,,,,,,,,,,,,,,,,,,,,,,,,,,,,,,,,,,,,,,,,,,,,,,,,,,,,,,,,,,,,,,,,,,,,,,,,,,,,,,,,,,,,,,,,,,,,,,,,,,,,,,,,,,,,,,,,,,,,,,,,,,,,,,,,,,,,,,,,,"5.31.55 p.m..png','',199155,'active','moved and local deleted','2025-02-03 23:32:01','383455/projectFile/p454539.tf_0D90BD73-911F-F6CE-66B02C25101430DA.Captura_de_pantalla_2025-02-03_a_la_s_5.31.55_p.m..png',NULL,NULL,'s3','normal',NULL,'pending',NULL,'2025-02-03 23:32:01',0,'directS3',0,''),(8337896,383455,7832628,1,595583,'2025-02-03 23:32:33','Captura de pantalla 2025-02-03 a la(s",,,,,,,,,,,,,,,,,,,,,,,
,,,,,,,,,,,,,,,,,,,,,,,,,,,,,,,,,,,,,,,,,,,,,,,,,,,,,,,,,,,,,,,,,,,,,,,,,,,,,,,,,,,,,,,,,,,,,,,,,,,,,,,,,,,,,,,,,,,,,,,,,,,,,,,,,,,,,,,,,,,,,,,,,,,,,,,,,,,,,,,,,,,,,,,,,,,,,,,,,,,,,,,,,,,,,,,,,,,,,,,,,,,,,,,,,,,,,,,,,,,,,,,,,,,,,,,,,,,,,,,,,,,,,,,,,,,,,,,,,,,,,,,,,,,,,,,,,,,,,,,,,,,,,,,,,,,,,,,,,,,,,,,,,,,,,,,,,,,,,,,,,"5.32.22 p.m..png','Captura de pantalla 2025-02-03 a la(s",,,,,,,,,,,,,,,,,,,,,,,
,,,,,,,,,,,,,,,,,,,,,,,,,,,,,,,,,,,,,,,,,,,,,,,,,,,,,,,,,,,,,,,,,,,,,,,,,,,,,,,,,,,,,,,,,,,,,,,,,,,,,,,,,,,,,,,,,,,,,,,,,,,,,,,,,,,,,,,,,,,,,,,,,,,,,,,,,,,,,,,,,,,,,,,,,,,,,,,,,,,,,,,,,,,,,,,,,,,,,,,,,,,,,,,,,,,,,,,,,,,,,,,,,,,,,,,,,,,,,,,,,,,,,,,,,,,,,,,,,,,,,,,,,,,,,,,,,,,,,,,,,,,,,,,,,,,,,,,,,,,,,,,,,,,,,,,,,,,,,,,,,"5.32.22 p.m..png','',201236,'active','moved and local deleted','2025-02-03 23:32:33','383455/projectFile/p454539.tf_0D95AB8A-F04A-77E2-14CEAB08185F5C38.Captura_de_pantalla_2025-02-03_a_la_s_5.32.22_p.m..png',NULL,NULL,'s3','normal',NULL,'pending',NULL,'2025-02-03 23:32:33',0,'directS3',0,''),(8344513,383455,7838776,1,595583,'2025-02-05 22:25:37','screenshot_2025-02-05_at_4.17.30_pm.png','screenshot_2025-02-05_at_4.17.30_pm.png','',250076,'active','moved and local deleted','2025-02-05 22:25:37','383455/projectFile/p532604.tf_722FF95F-EE03-23DF-91BC391AFB616029.screenshot_2025-02-05_at_4.17.30_pm.png',NULL,NULL,'s3','normal',NULL,'pending',NULL,'2025-02-05 22:25:37',0,'directS3',0,''),(8350886,383455,7844656,1,595583,'2025-02-10 22:22:33','Captura de pantalla 2025-02-10 a la(s",,,,,,,,,,,,,,,,,,,,,,,
,,,,,,,,,,,,,,,,,,,,,,,,,,,,,,,,,,,,,,,,,,,,,,,,,,,,,,,,,,,,,,,,,,,,,,,,,,,,,,,,,,,,,,,,,,,,,,,,,,,,,,,,,,,,,,,,,,,,,,,,,,,,,,,,,,,,,,,,,,,,,,,,,,,,,,,,,,,,,,,,,,,,,,,,,,,,,,,,,,,,,,,,,,,,,,,,,,,,,,,,,,,,,,,,,,,,,,,,,,,,,,,,,,,,,,,,,,,,,,,,,,,,,,,,,,,,,,,,,,,,,,,,,,,,,,,,,,,,,,,,,,,,,,,,,,,,,,,,,,,,,,,,,,,,,,,,,,,,,,,,,"4.22.09 p.m..png','Captura de pantalla 2025-02-10 a la(s",,,,,,,,,,,,,,,,,,,,,,,
,,,,,,,,,,,,,,,,,,,,,,,,,,,,,,,,,,,,,,,,,,,,,,,,,,,,,,,,,,,,,,,,,,,,,,,,,,,,,,,,,,,,,,,,,,,,,,,,,,,,,,,,,,,,,,,,,,,,,,,,,,,,,,,,,,,,,,,,,,,,,,,,,,,,,,,,,,,,,,,,,,,,,,,,,,,,,,,,,,,,,,,,,,,,,,,,,,,,,,,,,,,,,,,,,,,,,,,,,,,,,,,,,,,,,,,,,,,,,,,,,,,,,,,,,,,,,,,,,,,,,,,,,,,,,,,,,,,,,,,,,,,,,,,,,,,,,,,,,,,,,,,,,,,,,,,,,,,,,,,,,"4.22.09 p.m..png','',292880,'active','moved and local deleted','2025-02-10 22:22:33','383455/projectFile/p532604.tf_7391F854-F33B-02F0-DB10ADBFAB84A0A4.Captura_de_pantalla_2025-02-10_a_la_s_4.22.09_p.m..png',NULL,NULL,'s3','normal',NULL,'pending',NULL,'2025-02-10 22:22:33',0,'directS3',0,''),(8350888,383455,7844658,1,595583,'2025-02-10 22:22:40','Captura de pantalla 2025-02-10 a la(s",,,,,,,,,,,,,,,,,,,,,,,
,,,,,,,,,,,,,,,,,,,,,,,,,,,,,,,,,,,,,,,,,,,,,,,,,,,,,,,,,,,,,,,,,,,,,,,,,,,,,,,,,,,,,,,,,,,,,,,,,,,,,,,,,,,,,,,,,,,,,,,,,,,,,,,,,,,,,,,,,,,,,,,,,,,,,,,,,,,,,,,,,,,,,,,,,,,,,,,,,,,,,,,,,,,,,,,,,,,,,,,,,,,,,,,,,,,,,,,,,,,,,,,,,,,,,,,,,,,,,,,,,,,,,,,,,,,,,,,,,,,,,,,,,,,,,,,,,,,,,,,,,,,,,,,,,,,,,,,,,,,,,,,,,,,,,,,,,,,,,,,,,"4.22.09 p.m..png','Captura de pantalla 2025-02-10 a la(s",,,,,,,,,,,,,,,,,,,,,,,
,,,,,,,,,,,,,,,,,,,,,,,,,,,,,,,,,,,,,,,,,,,,,,,,,,,,,,,,,,,,,,,,,,,,,,,,,,,,,,,,,,,,,,,,,,,,,,,,,,,,,,,,,,,,,,,,,,,,,,,,,,,,,,,,,,,,,,,,,,,,,,,,,,,,,,,,,,,,,,,,,,,,,,,,,,,,,,,,,,,,,,,,,,,,,,,,,,,,,,,,,,,,,,,,,,,,,,,,,,,,,,,,,,,,,,,,,,,,,,,,,,,,,,,,,,,,,,,,,,,,,,,,,,,,,,,,,,,,,,,,,,,,,,,,,,,,,,,,,,,,,,,,,,,,,,,,,,,,,,,,,"4.22.09 p.m..png','',292880,'active','moved and local deleted','2025-02-10 22:22:40','383455/projectFile/p532604.tf_73930573-C985-4176-39EA19CC87191722.Captura_de_pantalla_2025-02-10_a_la_s_4.22.09_p.m..png',NULL,NULL,'s3','normal',NULL,'pending',NULL,'2025-02-10 22:22:40',0,'directS3',0,''),(8351012,383455,7844777,1,595583,'2025-02-11 02:46:03','Captura de pantalla 2025-02-10 a la(s",,,,,,,,,,,,,,,,,,,,,,,
,,,,,,,,,,,,,,,,,,,,,,,,,,,,,,,,,,,,,,,,,,,,,,,,,,,,,,,,,,,,,,,,,,,,,,,,,,,,,,,,,,,,,,,,,,,,,,,,,,,,,,,,,,,,,,,,,,,,,,,,,,,,,,,,,,,,,,,,,,,,,,,,,,,,,,,,,,,,,,,,,,,,,,,,,,,,,,,,,,,,,,,,,,,,,,,,,,,,,,,,,,,,,,,,,,,,,,,,,,,,,,,,,,,,,,,,,,,,,,,,,,,,,,,,,,,,,,,,,,,,,,,,,,,,,,,,,,,,,,,,,,,,,,,,,,,,,,,,,,,,,,,,,,,,,,,,,,,,,,,,,"8.45.13 p.m..png','Captura de pantalla 2025-02-10 a la(s",,,,,,,,,,,,,,,,,,,,,,,
,,,,,,,,,,,,,,,,,,,,,,,,,,,,,,,,,,,,,,,,,,,,,,,,,,,,,,,,,,,,,,,,,,,,,,,,,,,,,,,,,,,,,,,,,,,,,,,,,,,,,,,,,,,,,,,,,,,,,,,,,,,,,,,,,,,,,,,,,,,,,,,,,,,,,,,,,,,,,,,,,,,,,,,,,,,,,,,,,,,,,,,,,,,,,,,,,,,,,,,,,,,,,,,,,,,,,,,,,,,,,,,,,,,,,,,,,,,,,,,,,,,,,,,,,,,,,,,,,,,,,,,,,,,,,,,,,,,,,,,,,,,,,,,,,,,,,,,,,,,,,,,,,,,,,,,,,,,,,,,,,"8.45.13 p.m..png','',479962,'active','moved and local deleted','2025-02-11 02:46:03','383455/projectFile/p532604.tf_7CFE4CF6-F83D-6F43-02EA55D2B6762F42.Captura_de_pantalla_2025-02-10_a_la_s_8.45.13_p.m..png',NULL,NULL,'s3','normal',NULL,'pending',NULL,'2025-02-11 02:46:03',0,'directS3',0,''),(8362639,383455,7855852,1,595583,'2025-02-17 20:35:39','Captura de pantalla 2025-02-17 a la(s",,,,,,,,,,,,,,,,,,,,,,,
,,,,,,,,,,,,,,,,,,,,,,,,,,,,,,,,,,,,,,,,,,,,,,,,,,,,,,,,,,,,,,,,,,,,,,,,,,,,,,,,,,,,,,,,,,,,,,,,,,,,,,,,,,,,,,,,,,,,,,,,,,,,,,,,,,,,,,,,,,,,,,,,,,,,,,,,,,,,,,,,,,,,,,,,,,,,,,,,,,,,,,,,,,,,,,,,,,,,,,,,,,,,,,,,,,,,,,,,,,,,,,,,,,,,,,,,,,,,,,,,,,,,,,,,,,,,,,,,,,,,,,,,,,,,,,,,,,,,,,,,,,,,,,,,,,,,,,,,,,,,,,,,,,,,,,,,,,,,,,,,,"2.31.09 p.m..png','Captura de pantalla 2025-02-17 a la(s",,,,,,,,,,,,,,,,,,,,,,,
,,,,,,,,,,,,,,,,,,,,,,,,,,,,,,,,,,,,,,,,,,,,,,,,,,,,,,,,,,,,,,,,,,,,,,,,,,,,,,,,,,,,,,,,,,,,,,,,,,,,,,,,,,,,,,,,,,,,,,,,,,,,,,,,,,,,,,,,,,,,,,,,,,,,,,,,,,,,,,,,,,,,,,,,,,,,,,,,,,,,,,,,,,,,,,,,,,,,,,,,,,,,,,,,,,,,,,,,,,,,,,,,,,,,,,,,,,,,,,,,,,,,,,,,,,,,,,,,,,,,,,,,,,,,,,,,,,,,,,,,,,,,,,,,,,,,,,,,,,,,,,,,,,,,,,,,,,,,,,,,,"2.31.09 p.m..png','',257510,'active','moved and local deleted','2025-02-17 20:35:39','383455/projectFile/p689053.tf_D83C5881-0D47-DD8D-2F24A83782A11191.Captura_de_pantalla_2025-02-17_a_la_s_2.31.09_p.m..png',NULL,NULL,'s3','normal',NULL,'pending',NULL,'2025-02-17 20:35:39',0,'directS3',0,''),(8362640,383455,7855853,1,595583,'2025-02-17 20:35:42','Captura de pantalla 2025-02-17 a la(s",,,,,,,,,,,,,,,,,,,,,,,
,,,,,,,,,,,,,,,,,,,,,,,,,,,,,,,,,,,,,,,,,,,,,,,,,,,,,,,,,,,,,,,,,,,,,,,,,,,,,,,,,,,,,,,,,,,,,,,,,,,,,,,,,,,,,,,,,,,,,,,,,,,,,,,,,,,,,,,,,,,,,,,,,,,,,,,,,,,,,,,,,,,,,,,,,,,,,,,,,,,,,,,,,,,,,,,,,,,,,,,,,,,,,,,,,,,,,,,,,,,,,,,,,,,,,,,,,,,,,,,,,,,,,,,,,,,,,,,,,,,,,,,,,,,,,,,,,,,,,,,,,,,,,,,,,,,,,,,,,,,,,,,,,,,,,,,,,,,,,,,,,"2.31.09 p.m..png','Captura de pantalla 2025-02-17 a la(s",,,,,,,,,,,,,,,,,,,,,,,
,,,,,,,,,,,,,,,,,,,,,,,,,,,,,,,,,,,,,,,,,,,,,,,,,,,,,,,,,,,,,,,,,,,,,,,,,,,,,,,,,,,,,,,,,,,,,,,,,,,,,,,,,,,,,,,,,,,,,,,,,,,,,,,,,,,,,,,,,,,,,,,,,,,,,,,,,,,,,,,,,,,,,,,,,,,,,,,,,,,,,,,,,,,,,,,,,,,,,,,,,,,,,,,,,,,,,,,,,,,,,,,,,,,,,,,,,,,,,,,,,,,,,,,,,,,,,,,,,,,,,,,,,,,,,,,,,,,,,,,,,,,,,,,,,,,,,,,,,,,,,,,,,,,,,,,,,,,,,,,,,"2.31.09 p.m..png','',257510,'active','moved and local deleted','2025-02-17 20:35:42','383455/projectFile/p689053.tf_D83CE151-007D-F9F0-0A3A65B5E5AFEEEE.Captura_de_pantalla_2025-02-17_a_la_s_2.31.09_p.m..png',NULL,NULL,'s3','normal',NULL,'pending',NULL,'2025-02-17 20:35:42',0,'directS3',0,''),(8362641,383455,7855854,1,595583,'2025-02-17 20:35:48','Captura de pantalla 2025-02-17 a la(s",,,,,,,,,,,,,,,,,,,,,,,
,,,,,,,,,,,,,,,,,,,,,,,,,,,,,,,,,,,,,,,,,,,,,,,,,,,,,,,,,,,,,,,,,,,,,,,,,,,,,,,,,,,,,,,,,,,,,,,,,,,,,,,,,,,,,,,,,,,,,,,,,,,,,,,,,,,,,,,,,,,,,,,,,,,,,,,,,,,,,,,,,,,,,,,,,,,,,,,,,,,,,,,,,,,,,,,,,,,,,,,,,,,,,,,,,,,,,,,,,,,,,,,,,,,,,,,,,,,,,,,,,,,,,,,,,,,,,,,,,,,,,,,,,,,,,,,,,,,,,,,,,,,,,,,,,,,,,,,,,,,,,,,,,,,,,,,,,,,,,,,,,"2.32.12 p.m..png','Captura de pantalla 2025-02-17 a la(s",,,,,,,,,,,,,,,,,,,,,,,
,,,,,,,,,,,,,,,,,,,,,,,,,,,,,,,,,,,,,,,,,,,,,,,,,,,,,,,,,,,,,,,,,,,,,,,,,,,,,,,,,,,,,,,,,,,,,,,,,,,,,,,,,,,,,,,,,,,,,,,,,,,,,,,,,,,,,,,,,,,,,,,,,,,,,,,,,,,,,,,,,,,,,,,,,,,,,,,,,,,,,,,,,,,,,,,,,,,,,,,,,,,,,,,,,,,,,,,,,,,,,,,,,,,,,,,,,,,,,,,,,,,,,,,,,,,,,,,,,,,,,,,,,,,,,,,,,,,,,,,,,,,,,,,,,,,,,,,,,,,,,,,,,,,,,,,,,,,,,,,,,"2.32.12 p.m..png','',197698,'active','moved and local deleted','2025-02-17 20:35:48','383455/projectFile/p689053.tf_D83DBE48-A113-632A-71BF70F7ABCFB8D4.Captura_de_pantalla_2025-02-17_a_la_s_2.32.12_p.m..png',NULL,NULL,'s3','normal',NULL,'pending',NULL,'2025-02-17 20:35:48',0,'directS3',0,''),(8368493,383455,7861227,1,595583,'2025-02-20 22:04:35','Screenshot 2025-02-20 at 4.22.35 PM.png','Screenshot 2025-02-20 at 4.22.35 PM.png','',42608,'active','moved and local deleted','2025-02-20 22:04:35','383455/projectFile/p532604.tf_75E96F03-D74A-1DFE-1B48CD8AB8EA6DDA.Screenshot_2025-02-20_at_4.22.35_PM.png',NULL,NULL,'s3','normal',NULL,'pending',NULL,'2025-02-20 22:04:35',0,'directS3',0,''),(8368495,383455,7861229,1,595583,'2025-02-20 22:05:22','Screenshot 2025-02-20 at 12.10.28 PM.png','Screenshot 2025-02-20 at 12.10.28 PM.png','',46468,'active','moved and local deleted','2025-02-20 22:05:22','383455/projectFile/p532604.tf_75F0940D-DDD2-5670-2B9F0C77B0CC09C7.Screenshot_2025-02-20_at_12.10.28_PM.png',NULL,NULL,'s3','normal',NULL,'pending',NULL,'2025-02-20 22:05:22',0,'directS3',0,''),(8368496,383455,7861230,1,595583,'2025-02-20 22:08:07','Screenshot 2025-02-20 at 12.05.42 PM.png','Screenshot 2025-02-20 at 12.05.42 PM.png','',163601,'active','moved and local deleted','2025-02-20 22:08:07','383455/projectFile/p532604.tf_7609C99E-E779-05D7-2CD4217F5DA94894.Screenshot_2025-02-20_at_12.05.42_PM.png',NULL,NULL,'s3','normal',NULL,'pending',NULL,'2025-02-20 22:08:07',0,'directS3',0,''),(8368503,383455,7861237,1,595583,'2025-02-20 22:08:29','Screenshot 2025-02-20 at 4.28.52 PM.png','Screenshot 2025-02-20 at 4.28.52 PM.png','',151815,'active','moved and local deleted','2025-02-20 22:08:29','383455/projectFile/p532604.tf_760D316F-E081-72F4-DC6B33875E666DC0.Screenshot_2025-02-20_at_4.28.52_PM.png',NULL,NULL,'s3','normal',NULL,'pending',NULL,'2025-02-20 22:08:29',0,'directS3',0,''),(8368504,383455,7861238,1,595583,'2025-02-20 22:08:57','Screenshot 2025-02-20 at 4.36.37 PM.png','Screenshot 2025-02-20 at 4.36.37 PM.png','',153231,'active','moved and local deleted','2025-02-20 22:08:57','383455/projectFile/p532604.tf_76116588-D581-2EDA-E465137C5E2876B7.Screenshot_2025-02-20_at_4.36.37_PM.png',NULL,NULL,'s3','normal',NULL,'pending',NULL,'2025-02-20 22:08:57',0,'directS3',0,''),(8368505,383455,7861239,1,595583,'2025-02-20 22:09:56','Screenshot 2025-02-20 at 4.40.45 PM.png','Screenshot 2025-02-20 at 4.40.45 PM.png','',85546,'active','moved and local deleted','2025-02-20 22:09:56','383455/projectFile/p532604.tf_761A7F43-0B4B-EBBD-59528A09B29DD527.Screenshot_2025-02-20_at_4.40.45_PM.png',NULL,NULL,'s3','normal',NULL,'pending',NULL,'2025-02-20 22:09:56',0,'directS3',0,''),(8516434,383455,8002912,1,595933,'2025-06-27 15:04:15','0619_The Recycling Myth키건_vimeo.ko.srt','0619_The Recycling Myth키건_vimeo.ko.srt','',66051,'active','moved and local deleted','2025-06-27 15:04:15','383455/projectFile/p532604.tf_F32E1571-B644-B988-0820C3A20F1E4A07.0619_The_Recycling_Myth_vimeo.ko.srt',NULL,NULL,'s3','normal',NULL,'pending',NULL,'2025-06-27 15:04:15',0,'directS3',0,''),(8285049,383455,7782257,1,595958,'2024-12-16 23:39:05','6906A(1_21",,,,,,,,,,,,,,,,,,,,,,,
,,,,,,,,,,,,,,,,,,,,,,,,,,,,,,,,,,,,,,,,,,,,,,,,,,,,,,,,,,,,,,,,,,,,,,,,,,,,,,,,,,,,,,,,,,,,,,,,,,,,,,,,,,,,,,,,,,,,,,,,,,,,,,,,,,,,,,,,,,,,,,,,,,,,,,,,,,,,,,,,,,,,,,,,,,,,,,,,,,,,,,,,,,,,,,,,,,,,,,,,,,,,,,,,,,,,,,,,,,,,,,,,,,,,,,,,,,,,,,,,,,,,,,,,,,,,,,,,,,,,,,,,,,,,,,,,,,,,,,,,,,,,,,,,,,,,,,,,,,,,,,,,,,,,,,,,,,,,,,,,,"F.pdf','6906A(1_21",,,,,,,,,,,,,,,,,,,,,,,
,,,,,,,,,,,,,,,,,,,,,,,,,,,,,,,,,,,,,,,,,,,,,,,,,,,,,,,,,,,,,,,,,,,,,,,,,,,,,,,,,,,,,,,,,,,,,,,,,,,,,,,,,,,,,,,,,,,,,,,,,,,,,,,,,,,,,,,,,,,,,,,,,,,,,,,,,,,,,,,,,,,,,,,,,,,,,,,,,,,,,,,,,,,,,,,,,,,,,,,,,,,,,,,,,,,,,,,,,,,,,,,,,,,,,,,,,,,,,,,,,,,,,,,,,,,,,,,,,,,,,,,,,,,,,,,,,,,,,,,,,,,,,,,,,,,,,,,,,,,,,,,,,,,,,,,,,,,,,,,,,"F.pdf','',133820,'active','moved and local deleted','2024-12-16 23:39:05','383455/projectFile/p701345.tf_d3ddc0d2-4e1d-4947-975e-3705c5751fe0.pdf.6906A_1_21_F.pdf',NULL,NULL,'s3','normal',NULL,'pending',NULL,'2024-12-16 23:39:05',0,'directS3',0,''),(8370476,383455,7863000,1,595958,'2025-02-21 20:12:59','Articles.PDF','Articles.PDF','',152611,'active','moved and local deleted','2025-02-21 20:12:59','383455/projectFile/p701345.tf_01d05a79-e059-4b80-adeb-df48ececcfa3.PDF.Articles.PDF',NULL,NULL,'s3','normal',NULL,'pending',NULL,'2025-02-21 20:12:59',0,'directS3',0,''),(8370477,383455,7863001,1,595958,'2025-02-21 20:12:59','Jurisdiction Receipt.PDF','Jurisdiction Receipt.PDF','',219810,'active','moved and local deleted','2025-02-21 20:12:59','383455/projectFile/p701345.tf_d18addeb-beda-4f86-b3a7-3cd6d4e33844.PDF.Jurisdiction_Receipt.PDF',NULL,NULL,'s3','normal',NULL,'pending',NULL,'2025-02-21 20:12:59',0,'directS3',0,''),(8370478,383455,7863002,1,595958,'2025-02-21 20:12:59','Report (Annual_Biennial_Quinquennial_Decennial",,,,,,,,,,,,,,,,,,,,,,,
,,,,,,,,,,,,,,,,,,,,,,,,,,,,,,,,,,,,,,,,,,,,,,,,,,,,,,,,,,,,,,,,,,,,,,,,,,,,,,,,,,,,,,,,,,,,,,,,,,,,,,,,,,,,,,,,,,,,,,,,,,,,,,,,,,,,,,,,,,,,,,,,,,,,,,,,,,,,,,,,,,,,,,,,,,,,,,,,,,,,,,,,,,,,,,,,,,,,,,,,,,,,,,,,,,,,,,,,,,,,,,,,,,,,,,,,,,,,,,,,,,,,,,,,,,,,,,,,,,,,,,,,,,,,,,,,,,,,,,,,,,,,,,,,,,,,,,,,,,,,,,,,,,,,,,,,,,,,,,,,,".PDF','Report (Annual_Biennial_Quinquennial_Decennial",,,,,,,,,,,,,,,,,,,,,,,
,,,,,,,,,,,,,,,,,,,,,,,,,,,,,,,,,,,,,,,,,,,,,,,,,,,,,,,,,,,,,,,,,,,,,,,,,,,,,,,,,,,,,,,,,,,,,,,,,,,,,,,,,,,,,,,,,,,,,,,,,,,,,,,,,,,,,,,,,,,,,,,,,,,,,,,,,,,,,,,,,,,,,,,,,,,,,,,,,,,,,,,,,,,,,,,,,,,,,,,,,,,,,,,,,,,,,,,,,,,,,,,,,,,,,,,,,,,,,,,,,,,,,,,,,,,,,,,,,,,,,,,,,,,,,,,,,,,,,,,,,,,,,,,,,,,,,,,,,,,,,,,,,,,,,,,,,,,,,,,,,".PDF','',292819,'active','moved and local deleted','2025-02-21 20:12:59','383455/projectFile/p701345.tf_15a3d945-cbf4-4528-b7cc-2021a9a69559.PDF.Report_Annual_Biennial_Quinquennial_Decennial_.PDF',NULL,NULL,'s3','normal',NULL,'pending',NULL,'2025-02-21 20:12:59',0,'directS3',0,''),(8370479,383455,7863003,1,595958,'2025-02-21 20:12:59','Report (Notice",,,,,,,,,,,,,,,,,,,,,,,
,,,,,,,,,,,,,,,,,,,,,,,,,,,,,,,,,,,,,,,,,,,,,,,,,,,,,,,,,,,,,,,,,,,,,,,,,,,,,,,,,,,,,,,,,,,,,,,,,,,,,,,,,,,,,,,,,,,,,,,,,,,,,,,,,,,,,,,,,,,,,,,,,,,,,,,,,,,,,,,,,,,,,,,,,,,,,,,,,,,,,,,,,,,,,,,,,,,,,,,,,,,,,,,,,,,,,,,,,,,,,,,,,,,,,,,,,,,,,,,,,,,,,,,,,,,,,,,,,,,,,,,,,,,,,,,,,,,,,,,,,,,,,,,,,,,,,,,,,,,,,,,,,,,,,,,,,,,,,,,,,".PDF','Report (Notice",,,,,,,,,,,,,,,,,,,,,,,
,,,,,,,,,,,,,,,,,,,,,,,,,,,,,,,,,,,,,,,,,,,,,,,,,,,,,,,,,,,,,,,,,,,,,,,,,,,,,,,,,,,,,,,,,,,,,,,,,,,,,,,,,,,,,,,,,,,,,,,,,,,,,,,,,,,,,,,,,,,,,,,,,,,,,,,,,,,,,,,,,,,,,,,,,,,,,,,,,,,,,,,,,,,,,,,,,,,,,,,,,,,,,,,,,,,,,,,,,,,,,,,,,,,,,,,,,,,,,,,,,,,,,,,,,,,,,,,,,,,,,,,,,,,,,,,,,,,,,,,,,,,,,,,,,,,,,,,,,,,,,,,,,,,,,,,,,,,,,,,,,".PDF','',494618,'active','moved and local deleted','2025-02-21 20:12:59','383455/projectFile/p701345.tf_556ef5b5-421e-475a-a105-85a5a0e2d7bd.PDF.Report_Notice_.PDF',NULL,NULL,'s3','normal',NULL,'pending',NULL,'2025-02-21 20:12:59',0,'directS3',0,''),(8370480,383455,7863004,1,595958,'2025-02-21 20:12:59','Search Summary State of Michigan Corporations Division.pdf','Search Summary State of Michigan Corporations Division.pdf','',258220,'active','moved and local deleted','2025-02-21 20:12:59','383455/projectFile/p701345.tf_9b6152d0-5bea-461b-acbc-972b2af01aae.pdf.Search_Summary_State_of_Michigan_Corporations_Division.pdf',NULL,NULL,'s3','normal',NULL,'pending',NULL,'2025-02-21 20:12:59',0,'directS3',0,''),(8371564,383455,7864061,1,595958,'2025-02-24 14:41:53','_561_03-19-flat.pdf','_561_03-19-flat.pdf','',346312,'active','moved and local deleted','2025-02-24 14:41:53','383455/projectFile/p701345.tf_d67da9fe-f69c-4750-958b-445e00447284.pdf._561_03-19-flat.pdf',NULL,NULL,'s3','normal',NULL,'pending',NULL,'2025-02-24 14:41:53',0,'directS3',0,''),(8371571,383455,7864068,1,595958,'2025-02-24 14:43:12','_561_03-19-flat.pdf','_561_03-19-flat.pdf','',346312,'active','moved and local deleted','2025-02-24 14:43:12','383455/projectFile/p701345.tf_9eb71796-30a2-4cf4-ab4e-f604e7089bb1.pdf._561_03-19-flat.pdf',NULL,NULL,'s3','normal',NULL,'pending',NULL,'2025-02-24 14:43:12',0,'directS3',0,''),(8371997,383455,7864487,1,595958,'2025-02-24 17:56:46','rev-181 4_17_26.pdf','rev-181 4_17_26.pdf','',637745,'active','moved and local deleted','2025-02-24 17:56:46','383455/projectFile/p701345.tf_944d61ad-6c17-4742-bbf2-a192dfbffafd.pdf.rev-181_4_17_26.pdf',NULL,NULL,'s3','normal',NULL,'pending',NULL,'2025-02-24 17:56:46',0,'directS3',0,''),(8371998,383455,7864488,1,595958,'2025-02-24 17:56:46','rev-181 4_17_26.pdf','rev-181 4_17_26.pdf','',637745,'deleted','moved and local deleted','2025-02-24 17:56:46','383455/projectFile/p701345.tf_944d61ad-6c17-4742-bbf2-a192dfbffafd.pdf.rev-181_4_17_26.pdf','2025-02-24 17:58:07',595958,'s3','normal',NULL,'pending',NULL,'2025-02-24 17:58:08',0,'directS3',0,''),(8371999,383455,7864489,1,595958,'2025-02-24 17:56:46','rev-181-instructions.pdf','rev-181-instructions.pdf','',55199,'deleted','moved and local deleted','2025-02-24 17:56:46','383455/projectFile/p701345.tf_b90dc950-81d4-45f4-9f0b-a79383af3954.pdf.rev-181-instructions.pdf','2025-02-24 17:58:12',595958,'s3','normal',NULL,'pending',NULL,'2025-02-24 17:58:13',0,'directS3',0,''),(8372000,383455,7864490,1,595958,'2025-02-24 17:56:46','rev-181-instructions.pdf','rev-181-instructions.pdf','',55199,'active','moved and local deleted','2025-02-24 17:56:46','383455/projectFile/p701345.tf_b90dc950-81d4-45f4-9f0b-a79383af3954.pdf.rev-181-instructions.pdf',NULL,NULL,'s3','normal',NULL,'pending',NULL,'2025-02-24 17:56:46',0,'directS3',0,''),(8394485,383455,7885942,1,595958,'2025-03-13 12:17:30','Dissolution-Withdrawal-Cancellation.Pdf','Dissolution-Withdrawal-Cancellation.Pdf','',93713,'active','moved and local deleted','2025-03-13 12:17:30','383455/projectFile/p701345.tf_17687da2-b4ba-4c55-bb26-f15739ed213a.Pdf.Dissolution-Withdrawal-Cancellation.Pdf',NULL,NULL,'s3','normal',NULL,'pending',NULL,'2025-03-13 12:17:30',0,'directS3',0,''),(8394621,383455,7886074,1,595958,'2025-03-13 13:31:16','MI Culture Flipper.pdf','MI Culture Flipper.pdf','',259348,'active','moved and local deleted','2025-03-13 13:31:16','383455/projectFile/p701345.tf_9D04EC87-EC2A-7D80-E29F67D5F4247D7C.MI_Culture_Flipper.pdf',NULL,NULL,'s3','normal',NULL,'pending',NULL,'2025-03-13 13:31:16',0,'directS3',0,''),(8370982,383455,7863485,1,598033,'2025-02-22 23:15:21','fake door testing.pdf','fake door testing.pdf','',454789,'active','moved and local deleted','2025-02-22 23:15:21','383455/projectFile/p628777.tf_c51452e7-ba5b-4477-8de0-c46ba7e1637c.pdf.fake_door_testing.pdf',NULL,NULL,'s3','normal',NULL,'pending',NULL,'2025-02-22 23:15:21',0,'directS3',0,''),(8407059,383455,7897931,1,598033,'2025-03-24 18:36:12','M4A11-OfficialConfirmationLetter-M4A00000024.pdf','M4A11-OfficialConfirmationLetter-M4A00000024.pdf','',174354,'active','moved and local deleted','2025-03-24 18:36:12','383455/projectFile/p628777.tf_9616b810-8686-46a0-8c8e-7cc97da3aa79.pdf.M4A11-OfficialConfirmationLetter-M4A00000024.pdf',NULL,NULL,'s3','normal',NULL,'pending',NULL,'2025-03-24 18:36:12',0,'directS3',0,''),(8536358,383455,8022103,1,605677,'2025-07-16 05:30:07','Vegetable Garden.Japanese subtitles.srt','Vegetable Garden.Japanese subtitles.srt','',917,'active','moved and local deleted','2025-07-16 05:30:07','383455/projectFile/p532604.tf_A37E6ABF-E349-498B-87F2C7D8F9570AF4.Vegetable_Garden.Japanese_subtitles.srt',NULL,NULL,'s3','normal',NULL,'pending',NULL,'2025-07-16 05:30:07',0,'directS3',0,''),(8536359,383455,8022104,1,605677,'2025-07-16 05:30:07','Travel to Bali [FINAL] 220428.Japanese subtitles.srt','Travel to Bali [FINAL] 220428.Japanese subtitles.srt','',761,'active','moved and local deleted','2025-07-16 05:30:07','383455/projectFile/p532604.tf_375598C7-323C-4FB2-8E12597429F6F008.Travel_to_Bali_FINAL_220428.Japanese_subtitles.srt',NULL,NULL,'s3','normal',NULL,'pending',NULL,'2025-07-16 05:30:07',0,'directS3',0,''),(8537645,383455,8023338,1,605677,'2025-07-17 06:05:10','RESET_Gratitude03_16x9_Looking Ahead - Thrive.Japanese subtitles.srt','RESET_Gratitude03_16x9_Looking Ahead - Thrive.Japanese subtitles.srt','',865,'active','moved and local deleted','2025-07-17 06:05:10','383455/projectFile/p532604.tf_A4B42A81-30FC-433A-A1568751AAC6BEBF.RESET_Gratitude03_16x9_Looking_Ahead_-_Thrive.Japanese_subtitles.srt',NULL,NULL,'s3','normal',NULL,'pending',NULL,'2025-07-17 06:05:10',0,'directS3',0,''),(8537646,383455,8023339,1,605677,'2025-07-17 06:05:10','RESET_Wonder01_16x9_Breathe in the Ocean_60s.Japanese subtitles.srt','RESET_Wonder01_16x9_Breathe in the Ocean_60s.Japanese subtitles.srt','',860,'active','moved and local deleted','2025-07-17 06:05:10','383455/projectFile/p532604.tf_A6DCFCE6-1640-4C0A-AE8D02AEA544C7E5.RESET_Wonder01_16x9_Breathe_in_the_Ocean_60s.Japanese_subtitles.srt',NULL,NULL,'s3','normal',NULL,'pending',NULL,'2025-07-17 06:05:10',0,'directS3',0,''),(8537647,383455,8023340,1,605677,'2025-07-17 06:05:10','Permission for Playfulness.Japanese subtitles.srt','Permission for Playfulness.Japanese subtitles.srt','',982,'active','moved and local deleted','2025-07-17 06:05:10','383455/projectFile/p532604.tf_30F56628-EC1D-404C-8F153A7BCF53EA0C.Permission_for_Playfulness.Japanese_subtitles.srt',NULL,NULL,'s3','normal',NULL,'pending',NULL,'2025-07-17 06:05:10',0,'directS3',0,''),(8538860,383455,8024489,1,605677,'2025-07-18 01:01:55','MEET THE ROBIN.Japanese subtitles.srt','MEET THE ROBIN.Japanese subtitles.srt','',1059,'active','moved and local deleted','2025-07-18 01:01:55','383455/projectFile/p532604.tf_05FA9226-EC86-47D2-ACB80926282A8DC9.MEET_THE_ROBIN.Japanese_subtitles.srt',NULL,NULL,'s3','normal',NULL,'pending',NULL,'2025-07-18 01:01:55',0,'directS3',0,''),(8538861,383455,8024490,1,605677,'2025-07-18 01:01:55','Panda Bear.Japanese subtitles.srt','Panda Bear.Japanese subtitles.srt','',825,'active','moved and local deleted','2025-07-18 01:01:55','383455/projectFile/p532604.tf_3013AA70-6F36-4635-9A1727BA514B7A90.Panda_Bear.Japanese_subtitles.srt',NULL,NULL,'s3','normal',NULL,'pending',NULL,'2025-07-18 01:01:55',0,'directS3',0,''),(8538862,383455,8024491,1,605677,'2025-07-18 01:01:55','RESET_Gratitude03_16x9_Looking Ahead - Thrive.Japanese subtitles_v2.srt','RESET_Gratitude03_16x9_Looking Ahead - Thrive.Japanese subtitles_v2.srt','',874,'active','moved and local deleted','2025-07-18 01:01:55','383455/projectFile/p532604.tf_07404C23-6314-4959-A0493D9C16CB549C.RESET_Gratitude03_16x9_Looking_Ahead_-_Thrive.Japanese_subtitles_v2.srt',NULL,NULL,'s3','normal',NULL,'pending',NULL,'2025-07-18 01:01:55',0,'directS3',0,''),(8538961,383455,8024587,1,605677,'2025-07-18 04:23:11','Ancient Egypt.Japanese subtitles.srt','Ancient Egypt.Japanese subtitles.srt','',772,'active','moved and local deleted','2025-07-18 04:23:11','383455/projectFile/p532604.tf_259C768F-B798-475D-B9C7C7C90BA7E52B.Ancient_Egypt.Japanese_subtitles.srt',NULL,NULL,'s3','normal',NULL,'pending',NULL,'2025-07-18 04:23:11',0,'directS3',0,''),(8538962,383455,8024588,1,605677,'2025-07-18 04:23:11','Experience Paris [FINAL] 220428.Japanese subtitles.srt','Experience Paris [FINAL] 220428.Japanese subtitles.srt','',754,'active','moved and local deleted','2025-07-18 04:23:11','383455/projectFile/p532604.tf_ADAD9C4D-09EC-4352-A455C5D4B05936F0.Experience_Paris_FINAL_220428.Japanese_subtitles.srt',NULL,NULL,'s3','normal',NULL,'pending',NULL,'2025-07-18 04:23:11',0,'directS3',0,''),(8538963,383455,8024589,1,605677,'2025-07-18 04:23:11','Grounding in Zion.Japanese subtitles.srt','Grounding in Zion.Japanese subtitles.srt','',1011,'active','moved and local deleted','2025-07-18 04:23:11','383455/projectFile/p532604.tf_80307975-8A91-4F63-813EC9074ADE82D5.Grounding_in_Zion.Japanese_subtitles.srt',NULL,NULL,'s3','normal',NULL,'pending',NULL,'2025-07-18 04:23:11',0,'directS3',0,''),(8545353,383455,8030645,1,605813,'2025-07-23 09:01:56','(Food",,,,,,,,,,,,,,,,,,,,,,,
,,,,,,,,,,,,,,,,,,,,,,,,,,,,,,,,,,,,,,,,,,,,,,,,,,,,,,,,,,,,,,,,,,,,,,,,,,,,,,,,,,,,,,,,,,,,,,,,,,,,,,,,,,,,,,,,,,,,,,,,,,,,,,,,,,,,,,,,,,,,,,,,,,,,,,,,,,,,,,,,,,,,,,,,,,,,,,,,,,,,,,,,,,,,,,,,,,,,,,,,,,,,,,,,,,,,,,,,,,,,,,,,,,,,,,,,,,,,,,,,,,,,,,,,,,,,,,,,,,,,,,,,,,,,,,,,,,,,,,,,,,,,,,,,,,,,,,,,,,,,,,,,,,,,,,,,,,,,,,,,,"_Week1_Day1.zh-TW.srt','(Food",,,,,,,,,,,,,,,,,,,,,,,
,,,,,,,,,,,,,,,,,,,,,,,,,,,,,,,,,,,,,,,,,,,,,,,,,,,,,,,,,,,,,,,,,,,,,,,,,,,,,,,,,,,,,,,,,,,,,,,,,,,,,,,,,,,,,,,,,,,,,,,,,,,,,,,,,,,,,,,,,,,,,,,,,,,,,,,,,,,,,,,,,,,,,,,,,,,,,,,,,,,,,,,,,,,,,,,,,,,,,,,,,,,,,,,,,,,,,,,,,,,,,,,,,,,,,,,,,,,,,,,,,,,,,,,,,,,,,,,,,,,,,,,,,,,,,,,,,,,,,,,,,,,,,,,,,,,,,,,,,,,,,,,,,,,,,,,,,,,,,,,,,"_Week1_Day1.zh-TW.srt','',1433,'active','moved and local deleted','2025-07-23 09:01:56','383455/projectFile/p532604.tf_0c562156-4f6e-4037-a966-0e575cad511d.srt._Food_Week1_Day1.zh-TW.srt',NULL,NULL,'s3','normal',NULL,'pending',NULL,'2025-07-23 09:01:56',0,'directS3',0,''),(8547854,383455,8033003,1,605813,'2025-07-25 02:49:13','(Food",,,,,,,,,,,,,,,,,,,,,,,
,,,,,,,,,,,,,,,,,,,,,,,,,,,,,,,,,,,,,,,,,,,,,,,,,,,,,,,,,,,,,,,,,,,,,,,,,,,,,,,,,,,,,,,,,,,,,,,,,,,,,,,,,,,,,,,,,,,,,,,,,,,,,,,,,,,,,,,,,,,,,,,,,,,,,,,,,,,,,,,,,,,,,,,,,,,,,,,,,,,,,,,,,,,,,,,,,,,,,,,,,,,,,,,,,,,,,,,,,,,,,,,,,,,,,,,,,,,,,,,,,,,,,,,,,,,,,,,,,,,,,,,,,,,,,,,,,,,,,,,,,,,,,,,,,,,,,,,,,,,,,,,,,,,,,,,,,,,,,,,,,"_Week1_Day2.zh-TW.srt','(Food",,,,,,,,,,,,,,,,,,,,,,,
,,,,,,,,,,,,,,,,,,,,,,,,,,,,,,,,,,,,,,,,,,,,,,,,,,,,,,,,,,,,,,,,,,,,,,,,,,,,,,,,,,,,,,,,,,,,,,,,,,,,,,,,,,,,,,,,,,,,,,,,,,,,,,,,,,,,,,,,,,,,,,,,,,,,,,,,,,,,,,,,,,,,,,,,,,,,,,,,,,,,,,,,,,,,,,,,,,,,,,,,,,,,,,,,,,,,,,,,,,,,,,,,,,,,,,,,,,,,,,,,,,,,,,,,,,,,,,,,,,,,,,,,,,,,,,,,,,,,,,,,,,,,,,,,,,,,,,,,,,,,,,,,,,,,,,,,,,,,,,,,,"_Week1_Day2.zh-TW.srt','',796,'active','moved and local deleted','2025-07-25 02:49:13','383455/projectFile/p532604.tf_446AF81A-9CCB-41E6-BCD2A60BF7855399._Food_Week1_Day2.zh-TW.srt',NULL,NULL,'s3','normal',NULL,'pending',NULL,'2025-07-25 02:49:13',0,'directS3',0,''),(8548197,383455,8033341,1,605813,'2025-07-25 13:56:03','(Food",,,,,,,,,,,,,,,,,,,,,,,
,,,,,,,,,,,,,,,,,,,,,,,,,,,,,,,,,,,,,,,,,,,,,,,,,,,,,,,,,,,,,,,,,,,,,,,,,,,,,,,,,,,,,,,,,,,,,,,,,,,,,,,,,,,,,,,,,,,,,,,,,,,,,,,,,,,,,,,,,,,,,,,,,,,,,,,,,,,,,,,,,,,,,,,,,,,,,,,,,,,,,,,,,,,,,,,,,,,,,,,,,,,,,,,,,,,,,,,,,,,,,,,,,,,,,,,,,,,,,,,,,,,,,,,,,,,,,,,,,,,,,,,,,,,,,,,,,,,,,,,,,,,,,,,,,,,,,,,,,,,,,,,,,,,,,,,,,,,,,,,,,"_Week1_Day3.zh-TW.srt','(Food",,,,,,,,,,,,,,,,,,,,,,,
,,,,,,,,,,,,,,,,,,,,,,,,,,,,,,,,,,,,,,,,,,,,,,,,,,,,,,,,,,,,,,,,,,,,,,,,,,,,,,,,,,,,,,,,,,,,,,,,,,,,,,,,,,,,,,,,,,,,,,,,,,,,,,,,,,,,,,,,,,,,,,,,,,,,,,,,,,,,,,,,,,,,,,,,,,,,,,,,,,,,,,,,,,,,,,,,,,,,,,,,,,,,,,,,,,,,,,,,,,,,,,,,,,,,,,,,,,,,,,,,,,,,,,,,,,,,,,,,,,,,,,,,,,,,,,,,,,,,,,,,,,,,,,,,,,,,,,,,,,,,,,,,,,,,,,,,,,,,,,,,,"_Week1_Day3.zh-TW.srt','',1281,'active','moved and local deleted','2025-07-25 13:56:03','383455/projectFile/p532604.tf_462B83CD-752D-4E57-8F042B0EFF070A22._Food_Week1_Day3.zh-TW.srt',NULL,NULL,'s3','normal',NULL,'pending',NULL,'2025-07-25 13:56:03',0,'directS3',0,''),(8548286,383455,8033429,1,605813,'2025-07-25 14:48:48','(Food",,,,,,,,,,,,,,,,,,,,,,,
,,,,,,,,,,,,,,,,,,,,,,,,,,,,,,,,,,,,,,,,,,,,,,,,,,,,,,,,,,,,,,,,,,,,,,,,,,,,,,,,,,,,,,,,,,,,,,,,,,,,,,,,,,,,,,,,,,,,,,,,,,,,,,,,,,,,,,,,,,,,,,,,,,,,,,,,,,,,,,,,,,,,,,,,,,,,,,,,,,,,,,,,,,,,,,,,,,,,,,,,,,,,,,,,,,,,,,,,,,,,,,,,,,,,,,,,,,,,,,,,,,,,,,,,,,,,,,,,,,,,,,,,,,,,,,,,,,,,,,,,,,,,,,,,,,,,,,,,,,,,,,,,,,,,,,,,,,,,,,,,,"_Week1_Day3.zh-TW.srt','(Food",,,,,,,,,,,,,,,,,,,,,,,
,,,,,,,,,,,,,,,,,,,,,,,,,,,,,,,,,,,,,,,,,,,,,,,,,,,,,,,,,,,,,,,,,,,,,,,,,,,,,,,,,,,,,,,,,,,,,,,,,,,,,,,,,,,,,,,,,,,,,,,,,,,,,,,,,,,,,,,,,,,,,,,,,,,,,,,,,,,,,,,,,,,,,,,,,,,,,,,,,,,,,,,,,,,,,,,,,,,,,,,,,,,,,,,,,,,,,,,,,,,,,,,,,,,,,,,,,,,,,,,,,,,,,,,,,,,,,,,,,,,,,,,,,,,,,,,,,,,,,,,,,,,,,,,,,,,,,,,,,,,,,,,,,,,,,,,,,,,,,,,,,"_Week1_Day3.zh-TW.srt','',1278,'active','moved and local deleted','2025-07-25 14:48:48','383455/projectFile/p532604.tf_602dbe6f-0225-4691-9a81-f2adb4fbcbac.srt._Food_Week1_Day3.zh-TW.srt',NULL,NULL,'s3','normal',NULL,'pending',NULL,'2025-07-25 14:48:48',0,'directS3',0,''),(8548334,383455,8033474,1,605813,'2025-07-25 15:22:57','(Food",,,,,,,,,,,,,,,,,,,,,,,
,,,,,,,,,,,,,,,,,,,,,,,,,,,,,,,,,,,,,,,,,,,,,,,,,,,,,,,,,,,,,,,,,,,,,,,,,,,,,,,,,,,,,,,,,,,,,,,,,,,,,,,,,,,,,,,,,,,,,,,,,,,,,,,,,,,,,,,,,,,,,,,,,,,,,,,,,,,,,,,,,,,,,,,,,,,,,,,,,,,,,,,,,,,,,,,,,,,,,,,,,,,,,,,,,,,,,,,,,,,,,,,,,,,,,,,,,,,,,,,,,,,,,,,,,,,,,,,,,,,,,,,,,,,,,,,,,,,,,,,,,,,,,,,,,,,,,,,,,,,,,,,,,,,,,,,,,,,,,,,,,"_Week1_Day4.zh-TW.srt','(Food",,,,,,,,,,,,,,,,,,,,,,,
,,,,,,,,,,,,,,,,,,,,,,,,,,,,,,,,,,,,,,,,,,,,,,,,,,,,,,,,,,,,,,,,,,,,,,,,,,,,,,,,,,,,,,,,,,,,,,,,,,,,,,,,,,,,,,,,,,,,,,,,,,,,,,,,,,,,,,,,,,,,,,,,,,,,,,,,,,,,,,,,,,,,,,,,,,,,,,,,,,,,,,,,,,,,,,,,,,,,,,,,,,,,,,,,,,,,,,,,,,,,,,,,,,,,,,,,,,,,,,,,,,,,,,,,,,,,,,,,,,,,,,,,,,,,,,,,,,,,,,,,,,,,,,,,,,,,,,,,,,,,,,,,,,,,,,,,,,,,,,,,,"_Week1_Day4.zh-TW.srt','',1301,'active','moved and local deleted','2025-07-25 15:22:57','383455/projectFile/p532604.tf_8e9f2e82-249b-48ae-a0dd-f9bcf8cb94d5.srt._Food_Week1_Day4.zh-TW.srt',NULL,NULL,'s3','normal',NULL,'pending',NULL,'2025-07-25 15:22:57',0,'directS3',0,''),(8548560,383455,8033696,1,605813,'2025-07-25 17:32:21','(Food",,,,,,,,,,,,,,,,,,,,,,,
,,,,,,,,,,,,,,,,,,,,,,,,,,,,,,,,,,,,,,,,,,,,,,,,,,,,,,,,,,,,,,,,,,,,,,,,,,,,,,,,,,,,,,,,,,,,,,,,,,,,,,,,,,,,,,,,,,,,,,,,,,,,,,,,,,,,,,,,,,,,,,,,,,,,,,,,,,,,,,,,,,,,,,,,,,,,,,,,,,,,,,,,,,,,,,,,,,,,,,,,,,,,,,,,,,,,,,,,,,,,,,,,,,,,,,,,,,,,,,,,,,,,,,,,,,,,,,,,,,,,,,,,,,,,,,,,,,,,,,,,,,,,,,,,,,,,,,,,,,,,,,,,,,,,,,,,,,,,,,,,,"_Week1_Day5.zh-TW.srt','(Food",,,,,,,,,,,,,,,,,,,,,,,
,,,,,,,,,,,,,,,,,,,,,,,,,,,,,,,,,,,,,,,,,,,,,,,,,,,,,,,,,,,,,,,,,,,,,,,,,,,,,,,,,,,,,,,,,,,,,,,,,,,,,,,,,,,,,,,,,,,,,,,,,,,,,,,,,,,,,,,,,,,,,,,,,,,,,,,,,,,,,,,,,,,,,,,,,,,,,,,,,,,,,,,,,,,,,,,,,,,,,,,,,,,,,,,,,,,,,,,,,,,,,,,,,,,,,,,,,,,,,,,,,,,,,,,,,,,,,,,,,,,,,,,,,,,,,,,,,,,,,,,,,,,,,,,,,,,,,,,,,,,,,,,,,,,,,,,,,,,,,,,,,"_Week1_Day5.zh-TW.srt','',970,'active','moved and local deleted','2025-07-25 17:32:21','383455/projectFile/p532604.tf_5285d975-4490-47f2-a2f9-897a132626ae.srt._Food_Week1_Day5.zh-TW.srt',NULL,NULL,'s3','normal',NULL,'pending',NULL,'2025-07-25 17:32:21',0,'directS3',0,''),(8549014,383455,8034121,1,605813,'2025-07-26 01:58:21','(Food",,,,,,,,,,,,,,,,,,,,,,,
,,,,,,,,,,,,,,,,,,,,,,,,,,,,,,,,,,,,,,,,,,,,,,,,,,,,,,,,,,,,,,,,,,,,,,,,,,,,,,,,,,,,,,,,,,,,,,,,,,,,,,,,,,,,,,,,,,,,,,,,,,,,,,,,,,,,,,,,,,,,,,,,,,,,,,,,,,,,,,,,,,,,,,,,,,,,,,,,,,,,,,,,,,,,,,,,,,,,,,,,,,,,,,,,,,,,,,,,,,,,,,,,,,,,,,,,,,,,,,,,,,,,,,,,,,,,,,,,,,,,,,,,,,,,,,,,,,,,,,,,,,,,,,,,,,,,,,,,,,,,,,,,,,,,,,,,,,,,,,,,,"_Week1_Day6.zh-TW.srt','(Food",,,,,,,,,,,,,,,,,,,,,,,
,,,,,,,,,,,,,,,,,,,,,,,,,,,,,,,,,,,,,,,,,,,,,,,,,,,,,,,,,,,,,,,,,,,,,,,,,,,,,,,,,,,,,,,,,,,,,,,,,,,,,,,,,,,,,,,,,,,,,,,,,,,,,,,,,,,,,,,,,,,,,,,,,,,,,,,,,,,,,,,,,,,,,,,,,,,,,,,,,,,,,,,,,,,,,,,,,,,,,,,,,,,,,,,,,,,,,,,,,,,,,,,,,,,,,,,,,,,,,,,,,,,,,,,,,,,,,,,,,,,,,,,,,,,,,,,,,,,,,,,,,,,,,,,,,,,,,,,,,,,,,,,,,,,,,,,,,,,,,,,,,"_Week1_Day6.zh-TW.srt','',1263,'active','moved and local deleted','2025-07-26 01:58:21','383455/projectFile/p532604.tf_6da5949c-6858-4173-af9f-4cfba69e36c6.srt._Food_Week1_Day6.zh-TW.srt',NULL,NULL,'s3','normal',NULL,'pending',NULL,'2025-07-26 01:58:21',0,'directS3',0,''),(8549019,383455,8034126,1,605813,'2025-07-26 02:46:59','(Food",,,,,,,,,,,,,,,,,,,,,,,
,,,,,,,,,,,,,,,,,,,,,,,,,,,,,,,,,,,,,,,,,,,,,,,,,,,,,,,,,,,,,,,,,,,,,,,,,,,,,,,,,,,,,,,,,,,,,,,,,,,,,,,,,,,,,,,,,,,,,,,,,,,,,,,,,,,,,,,,,,,,,,,,,,,,,,,,,,,,,,,,,,,,,,,,,,,,,,,,,,,,,,,,,,,,,,,,,,,,,,,,,,,,,,,,,,,,,,,,,,,,,,,,,,,,,,,,,,,,,,,,,,,,,,,,,,,,,,,,,,,,,,,,,,,,,,,,,,,,,,,,,,,,,,,,,,,,,,,,,,,,,,,,,,,,,,,,,,,,,,,,,"_Week1_Day7.zh-TW.srt','(Food",,,,,,,,,,,,,,,,,,,,,,,
